id_start,id_end,distance,moto_toll,car_toll,rv_toll,bus_toll,truck_toll
1001400,1001402,9.7,7.76,11.639999999999999,14.549999999999999,21.34,34.92
1001400,1001404,0.0,0.0,0.0,0.0,0.0,0.0
1001400,1001406,0.0,0.0,0.0,0.0,0.0,0.0
1001400,1001408,0.0,0.0,0.0,0.0,0.0,0.0
1001400,1001410,0.0,0.0,0.0,0.0,0.0,0.0
1001400,1001412,0.0,0.0,0.0,0.0,0.0,0.0
1001400,1001414,0.0,0.0,0.0,0.0,0.0,0.0
1001400,1001416,0.0,0.0,0.0,0.0,0.0,0.0
1001400,1001418,0.0,0.0,0.0,0.0,0.0,0.0
1001400,1001420,0.0,0.0,0.0,0.0,0.0,0.0
1001400,1001422,0.0,0.0,0.0,0.0,0.0,0.0
1001400,1001424,0.0,0.0,0.0,0.0,0.0,0.0
1001400,1001426,0.0,0.0,0.0,0.0,0.0,0.0
1001400,1001428,0.0,0.0,0.0,0.0,0.0,0.0
1001400,1001430,0.0,0.0,0.0,0.0,0.0,0.0
1001400,1001432,0.0,0.0,0.0,0.0,0.0,0.0
1001400,1001434,0.0,0.0,0.0,0.0,0.0,0.0
1001400,1001436,0.0,0.0,0.0,0.0,0.0,0.0
1001400,1001437,0.0,0.0,0.0,0.0,0.0,0.0
1001400,1001438,0.0,0.0,0.0,0.0,0.0,0.0
1001400,1001440,0.0,0.0,0.0,0.0,0.0,0.0
1001400,1001442,0.0,0.0,0.0,0.0,0.0,0.0
1001400,1001444,0.0,0.0,0.0,0.0,0.0,0.0
1001400,1001446,0.0,0.0,0.0,0.0,0.0,0.0
1001400,1001448,0.0,0.0,0.0,0.0,0.0,0.0
1001400,1001450,0.0,0.0,0.0,0.0,0.0,0.0
1001400,1001452,0.0,0.0,0.0,0.0,0.0,0.0
1001400,1001454,0.0,0.0,0.0,0.0,0.0,0.0
1001400,1001456,0.0,0.0,0.0,0.0,0.0,0.0
1001400,1001458,0.0,0.0,0.0,0.0,0.0,0.0
1001400,1001460,0.0,0.0,0.0,0.0,0.0,0.0
1001400,1001461,0.0,0.0,0.0,0.0,0.0,0.0
1001400,1001462,0.0,0.0,0.0,0.0,0.0,0.0
1001400,1001464,0.0,0.0,0.0,0.0,0.0,0.0
1001400,1001466,0.0,0.0,0.0,0.0,0.0,0.0
1001400,1001468,0.0,0.0,0.0,0.0,0.0,0.0
1001400,1001470,0.0,0.0,0.0,0.0,0.0,0.0
1001400,1001472,0.0,0.0,0.0,0.0,0.0,0.0
1001400,1001488,0.0,0.0,0.0,0.0,0.0,0.0
1001400,1004354,0.0,0.0,0.0,0.0,0.0,0.0
1001400,1004355,0.0,0.0,0.0,0.0,0.0,0.0
1001400,1004356,0.0,0.0,0.0,0.0,0.0,0.0
1001402,1001400,9.7,7.76,11.639999999999999,14.549999999999999,21.34,34.92
1001402,1001404,20.2,16.16,24.24,30.299999999999997,44.440000000000005,72.72
1001402,1001406,0.0,0.0,0.0,0.0,0.0,0.0
1001402,1001408,0.0,0.0,0.0,0.0,0.0,0.0
1001402,1001410,0.0,0.0,0.0,0.0,0.0,0.0
1001402,1001412,0.0,0.0,0.0,0.0,0.0,0.0
1001402,1001414,0.0,0.0,0.0,0.0,0.0,0.0
1001402,1001416,0.0,0.0,0.0,0.0,0.0,0.0
1001402,1001418,0.0,0.0,0.0,0.0,0.0,0.0
1001402,1001420,0.0,0.0,0.0,0.0,0.0,0.0
1001402,1001422,0.0,0.0,0.0,0.0,0.0,0.0
1001402,1001424,0.0,0.0,0.0,0.0,0.0,0.0
1001402,1001426,0.0,0.0,0.0,0.0,0.0,0.0
1001402,1001428,0.0,0.0,0.0,0.0,0.0,0.0
1001402,1001430,0.0,0.0,0.0,0.0,0.0,0.0
1001402,1001432,0.0,0.0,0.0,0.0,0.0,0.0
1001402,1001434,0.0,0.0,0.0,0.0,0.0,0.0
1001402,1001436,0.0,0.0,0.0,0.0,0.0,0.0
1001402,1001437,0.0,0.0,0.0,0.0,0.0,0.0
1001402,1001438,0.0,0.0,0.0,0.0,0.0,0.0
1001402,1001440,0.0,0.0,0.0,0.0,0.0,0.0
1001402,1001442,0.0,0.0,0.0,0.0,0.0,0.0
1001402,1001444,0.0,0.0,0.0,0.0,0.0,0.0
1001402,1001446,0.0,0.0,0.0,0.0,0.0,0.0
1001402,1001448,0.0,0.0,0.0,0.0,0.0,0.0
1001402,1001450,0.0,0.0,0.0,0.0,0.0,0.0
1001402,1001452,0.0,0.0,0.0,0.0,0.0,0.0
1001402,1001454,0.0,0.0,0.0,0.0,0.0,0.0
1001402,1001456,0.0,0.0,0.0,0.0,0.0,0.0
1001402,1001458,0.0,0.0,0.0,0.0,0.0,0.0
1001402,1001460,0.0,0.0,0.0,0.0,0.0,0.0
1001402,1001461,0.0,0.0,0.0,0.0,0.0,0.0
1001402,1001462,0.0,0.0,0.0,0.0,0.0,0.0
1001402,1001464,0.0,0.0,0.0,0.0,0.0,0.0
1001402,1001466,0.0,0.0,0.0,0.0,0.0,0.0
1001402,1001468,0.0,0.0,0.0,0.0,0.0,0.0
1001402,1001470,0.0,0.0,0.0,0.0,0.0,0.0
1001402,1001472,0.0,0.0,0.0,0.0,0.0,0.0
1001402,1001488,0.0,0.0,0.0,0.0,0.0,0.0
1001402,1004354,0.0,0.0,0.0,0.0,0.0,0.0
1001402,1004355,0.0,0.0,0.0,0.0,0.0,0.0
1001402,1004356,0.0,0.0,0.0,0.0,0.0,0.0
1001404,1001400,0.0,0.0,0.0,0.0,0.0,0.0
1001404,1001402,20.2,16.16,24.24,30.299999999999997,44.440000000000005,72.72
1001404,1001406,16.0,12.8,19.2,24.0,35.2,57.6
1001404,1001408,0.0,0.0,0.0,0.0,0.0,0.0
1001404,1001410,0.0,0.0,0.0,0.0,0.0,0.0
1001404,1001412,0.0,0.0,0.0,0.0,0.0,0.0
1001404,1001414,0.0,0.0,0.0,0.0,0.0,0.0
1001404,1001416,0.0,0.0,0.0,0.0,0.0,0.0
1001404,1001418,0.0,0.0,0.0,0.0,0.0,0.0
1001404,1001420,0.0,0.0,0.0,0.0,0.0,0.0
1001404,1001422,0.0,0.0,0.0,0.0,0.0,0.0
1001404,1001424,0.0,0.0,0.0,0.0,0.0,0.0
1001404,1001426,0.0,0.0,0.0,0.0,0.0,0.0
1001404,1001428,0.0,0.0,0.0,0.0,0.0,0.0
1001404,1001430,0.0,0.0,0.0,0.0,0.0,0.0
1001404,1001432,0.0,0.0,0.0,0.0,0.0,0.0
1001404,1001434,0.0,0.0,0.0,0.0,0.0,0.0
1001404,1001436,0.0,0.0,0.0,0.0,0.0,0.0
1001404,1001437,0.0,0.0,0.0,0.0,0.0,0.0
1001404,1001438,0.0,0.0,0.0,0.0,0.0,0.0
1001404,1001440,0.0,0.0,0.0,0.0,0.0,0.0
1001404,1001442,0.0,0.0,0.0,0.0,0.0,0.0
1001404,1001444,0.0,0.0,0.0,0.0,0.0,0.0
1001404,1001446,0.0,0.0,0.0,0.0,0.0,0.0
1001404,1001448,0.0,0.0,0.0,0.0,0.0,0.0
1001404,1001450,0.0,0.0,0.0,0.0,0.0,0.0
1001404,1001452,0.0,0.0,0.0,0.0,0.0,0.0
1001404,1001454,0.0,0.0,0.0,0.0,0.0,0.0
1001404,1001456,0.0,0.0,0.0,0.0,0.0,0.0
1001404,1001458,0.0,0.0,0.0,0.0,0.0,0.0
1001404,1001460,0.0,0.0,0.0,0.0,0.0,0.0
1001404,1001461,0.0,0.0,0.0,0.0,0.0,0.0
1001404,1001462,0.0,0.0,0.0,0.0,0.0,0.0
1001404,1001464,0.0,0.0,0.0,0.0,0.0,0.0
1001404,1001466,0.0,0.0,0.0,0.0,0.0,0.0
1001404,1001468,0.0,0.0,0.0,0.0,0.0,0.0
1001404,1001470,0.0,0.0,0.0,0.0,0.0,0.0
1001404,1001472,0.0,0.0,0.0,0.0,0.0,0.0
1001404,1001488,0.0,0.0,0.0,0.0,0.0,0.0
1001404,1004354,0.0,0.0,0.0,0.0,0.0,0.0
1001404,1004355,0.0,0.0,0.0,0.0,0.0,0.0
1001404,1004356,0.0,0.0,0.0,0.0,0.0,0.0
1001406,1001400,0.0,0.0,0.0,0.0,0.0,0.0
1001406,1001402,0.0,0.0,0.0,0.0,0.0,0.0
1001406,1001404,16.0,12.8,19.2,24.0,35.2,57.6
1001406,1001408,21.7,17.36,26.04,32.55,47.74,78.12
1001406,1001410,0.0,0.0,0.0,0.0,0.0,0.0
1001406,1001412,0.0,0.0,0.0,0.0,0.0,0.0
1001406,1001414,0.0,0.0,0.0,0.0,0.0,0.0
1001406,1001416,0.0,0.0,0.0,0.0,0.0,0.0
1001406,1001418,0.0,0.0,0.0,0.0,0.0,0.0
1001406,1001420,0.0,0.0,0.0,0.0,0.0,0.0
1001406,1001422,0.0,0.0,0.0,0.0,0.0,0.0
1001406,1001424,0.0,0.0,0.0,0.0,0.0,0.0
1001406,1001426,0.0,0.0,0.0,0.0,0.0,0.0
1001406,1001428,0.0,0.0,0.0,0.0,0.0,0.0
1001406,1001430,0.0,0.0,0.0,0.0,0.0,0.0
1001406,1001432,0.0,0.0,0.0,0.0,0.0,0.0
1001406,1001434,0.0,0.0,0.0,0.0,0.0,0.0
1001406,1001436,0.0,0.0,0.0,0.0,0.0,0.0
1001406,1001437,0.0,0.0,0.0,0.0,0.0,0.0
1001406,1001438,0.0,0.0,0.0,0.0,0.0,0.0
1001406,1001440,0.0,0.0,0.0,0.0,0.0,0.0
1001406,1001442,0.0,0.0,0.0,0.0,0.0,0.0
1001406,1001444,0.0,0.0,0.0,0.0,0.0,0.0
1001406,1001446,0.0,0.0,0.0,0.0,0.0,0.0
1001406,1001448,0.0,0.0,0.0,0.0,0.0,0.0
1001406,1001450,0.0,0.0,0.0,0.0,0.0,0.0
1001406,1001452,0.0,0.0,0.0,0.0,0.0,0.0
1001406,1001454,0.0,0.0,0.0,0.0,0.0,0.0
1001406,1001456,0.0,0.0,0.0,0.0,0.0,0.0
1001406,1001458,0.0,0.0,0.0,0.0,0.0,0.0
1001406,1001460,0.0,0.0,0.0,0.0,0.0,0.0
1001406,1001461,0.0,0.0,0.0,0.0,0.0,0.0
1001406,1001462,0.0,0.0,0.0,0.0,0.0,0.0
1001406,1001464,0.0,0.0,0.0,0.0,0.0,0.0
1001406,1001466,0.0,0.0,0.0,0.0,0.0,0.0
1001406,1001468,0.0,0.0,0.0,0.0,0.0,0.0
1001406,1001470,0.0,0.0,0.0,0.0,0.0,0.0
1001406,1001472,0.0,0.0,0.0,0.0,0.0,0.0
1001406,1001488,0.0,0.0,0.0,0.0,0.0,0.0
1001406,1004354,0.0,0.0,0.0,0.0,0.0,0.0
1001406,1004355,0.0,0.0,0.0,0.0,0.0,0.0
1001406,1004356,0.0,0.0,0.0,0.0,0.0,0.0
1001408,1001400,0.0,0.0,0.0,0.0,0.0,0.0
1001408,1001402,0.0,0.0,0.0,0.0,0.0,0.0
1001408,1001404,0.0,0.0,0.0,0.0,0.0,0.0
1001408,1001406,21.7,17.36,26.04,32.55,47.74,78.12
1001408,1001410,11.1,8.88,13.319999999999999,16.65,24.42,39.96
1001408,1001412,0.0,0.0,0.0,0.0,0.0,0.0
1001408,1001414,0.0,0.0,0.0,0.0,0.0,0.0
1001408,1001416,0.0,0.0,0.0,0.0,0.0,0.0
1001408,1001418,0.0,0.0,0.0,0.0,0.0,0.0
1001408,1001420,0.0,0.0,0.0,0.0,0.0,0.0
1001408,1001422,0.0,0.0,0.0,0.0,0.0,0.0
1001408,1001424,0.0,0.0,0.0,0.0,0.0,0.0
1001408,1001426,0.0,0.0,0.0,0.0,0.0,0.0
1001408,1001428,0.0,0.0,0.0,0.0,0.0,0.0
1001408,1001430,0.0,0.0,0.0,0.0,0.0,0.0
1001408,1001432,0.0,0.0,0.0,0.0,0.0,0.0
1001408,1001434,0.0,0.0,0.0,0.0,0.0,0.0
1001408,1001436,0.0,0.0,0.0,0.0,0.0,0.0
1001408,1001437,0.0,0.0,0.0,0.0,0.0,0.0
1001408,1001438,0.0,0.0,0.0,0.0,0.0,0.0
1001408,1001440,0.0,0.0,0.0,0.0,0.0,0.0
1001408,1001442,0.0,0.0,0.0,0.0,0.0,0.0
1001408,1001444,0.0,0.0,0.0,0.0,0.0,0.0
1001408,1001446,0.0,0.0,0.0,0.0,0.0,0.0
1001408,1001448,0.0,0.0,0.0,0.0,0.0,0.0
1001408,1001450,0.0,0.0,0.0,0.0,0.0,0.0
1001408,1001452,0.0,0.0,0.0,0.0,0.0,0.0
1001408,1001454,0.0,0.0,0.0,0.0,0.0,0.0
1001408,1001456,0.0,0.0,0.0,0.0,0.0,0.0
1001408,1001458,0.0,0.0,0.0,0.0,0.0,0.0
1001408,1001460,0.0,0.0,0.0,0.0,0.0,0.0
1001408,1001461,0.0,0.0,0.0,0.0,0.0,0.0
1001408,1001462,0.0,0.0,0.0,0.0,0.0,0.0
1001408,1001464,0.0,0.0,0.0,0.0,0.0,0.0
1001408,1001466,0.0,0.0,0.0,0.0,0.0,0.0
1001408,1001468,0.0,0.0,0.0,0.0,0.0,0.0
1001408,1001470,0.0,0.0,0.0,0.0,0.0,0.0
1001408,1001472,0.0,0.0,0.0,0.0,0.0,0.0
1001408,1001488,0.0,0.0,0.0,0.0,0.0,0.0
1001408,1004354,0.0,0.0,0.0,0.0,0.0,0.0
1001408,1004355,0.0,0.0,0.0,0.0,0.0,0.0
1001408,1004356,0.0,0.0,0.0,0.0,0.0,0.0
1001410,1001400,0.0,0.0,0.0,0.0,0.0,0.0
1001410,1001402,0.0,0.0,0.0,0.0,0.0,0.0
1001410,1001404,0.0,0.0,0.0,0.0,0.0,0.0
1001410,1001406,0.0,0.0,0.0,0.0,0.0,0.0
1001410,1001408,11.1,8.88,13.319999999999999,16.65,24.42,39.96
1001410,1001412,15.6,12.48,18.72,23.4,34.32,56.16
1001410,1001414,0.0,0.0,0.0,0.0,0.0,0.0
1001410,1001416,0.0,0.0,0.0,0.0,0.0,0.0
1001410,1001418,0.0,0.0,0.0,0.0,0.0,0.0
1001410,1001420,0.0,0.0,0.0,0.0,0.0,0.0
1001410,1001422,0.0,0.0,0.0,0.0,0.0,0.0
1001410,1001424,0.0,0.0,0.0,0.0,0.0,0.0
1001410,1001426,0.0,0.0,0.0,0.0,0.0,0.0
1001410,1001428,0.0,0.0,0.0,0.0,0.0,0.0
1001410,1001430,0.0,0.0,0.0,0.0,0.0,0.0
1001410,1001432,0.0,0.0,0.0,0.0,0.0,0.0
1001410,1001434,0.0,0.0,0.0,0.0,0.0,0.0
1001410,1001436,0.0,0.0,0.0,0.0,0.0,0.0
1001410,1001437,0.0,0.0,0.0,0.0,0.0,0.0
1001410,1001438,0.0,0.0,0.0,0.0,0.0,0.0
1001410,1001440,0.0,0.0,0.0,0.0,0.0,0.0
1001410,1001442,0.0,0.0,0.0,0.0,0.0,0.0
1001410,1001444,0.0,0.0,0.0,0.0,0.0,0.0
1001410,1001446,0.0,0.0,0.0,0.0,0.0,0.0
1001410,1001448,0.0,0.0,0.0,0.0,0.0,0.0
1001410,1001450,0.0,0.0,0.0,0.0,0.0,0.0
1001410,1001452,0.0,0.0,0.0,0.0,0.0,0.0
1001410,1001454,0.0,0.0,0.0,0.0,0.0,0.0
1001410,1001456,0.0,0.0,0.0,0.0,0.0,0.0
1001410,1001458,0.0,0.0,0.0,0.0,0.0,0.0
1001410,1001460,0.0,0.0,0.0,0.0,0.0,0.0
1001410,1001461,0.0,0.0,0.0,0.0,0.0,0.0
1001410,1001462,0.0,0.0,0.0,0.0,0.0,0.0
1001410,1001464,0.0,0.0,0.0,0.0,0.0,0.0
1001410,1001466,0.0,0.0,0.0,0.0,0.0,0.0
1001410,1001468,0.0,0.0,0.0,0.0,0.0,0.0
1001410,1001470,0.0,0.0,0.0,0.0,0.0,0.0
1001410,1001472,0.0,0.0,0.0,0.0,0.0,0.0
1001410,1001488,0.0,0.0,0.0,0.0,0.0,0.0
1001410,1004354,0.0,0.0,0.0,0.0,0.0,0.0
1001410,1004355,0.0,0.0,0.0,0.0,0.0,0.0
1001410,1004356,0.0,0.0,0.0,0.0,0.0,0.0
1001412,1001400,0.0,0.0,0.0,0.0,0.0,0.0
1001412,1001402,0.0,0.0,0.0,0.0,0.0,0.0
1001412,1001404,0.0,0.0,0.0,0.0,0.0,0.0
1001412,1001406,0.0,0.0,0.0,0.0,0.0,0.0
1001412,1001408,0.0,0.0,0.0,0.0,0.0,0.0
1001412,1001410,15.6,12.48,18.72,23.4,34.32,56.16
1001412,1001414,18.2,14.56,21.84,27.299999999999997,40.04,65.52
1001412,1001416,0.0,0.0,0.0,0.0,0.0,0.0
1001412,1001418,0.0,0.0,0.0,0.0,0.0,0.0
1001412,1001420,0.0,0.0,0.0,0.0,0.0,0.0
1001412,1001422,0.0,0.0,0.0,0.0,0.0,0.0
1001412,1001424,0.0,0.0,0.0,0.0,0.0,0.0
1001412,1001426,0.0,0.0,0.0,0.0,0.0,0.0
1001412,1001428,0.0,0.0,0.0,0.0,0.0,0.0
1001412,1001430,0.0,0.0,0.0,0.0,0.0,0.0
1001412,1001432,0.0,0.0,0.0,0.0,0.0,0.0
1001412,1001434,0.0,0.0,0.0,0.0,0.0,0.0
1001412,1001436,0.0,0.0,0.0,0.0,0.0,0.0
1001412,1001437,0.0,0.0,0.0,0.0,0.0,0.0
1001412,1001438,0.0,0.0,0.0,0.0,0.0,0.0
1001412,1001440,0.0,0.0,0.0,0.0,0.0,0.0
1001412,1001442,0.0,0.0,0.0,0.0,0.0,0.0
1001412,1001444,0.0,0.0,0.0,0.0,0.0,0.0
1001412,1001446,0.0,0.0,0.0,0.0,0.0,0.0
1001412,1001448,0.0,0.0,0.0,0.0,0.0,0.0
1001412,1001450,0.0,0.0,0.0,0.0,0.0,0.0
1001412,1001452,0.0,0.0,0.0,0.0,0.0,0.0
1001412,1001454,0.0,0.0,0.0,0.0,0.0,0.0
1001412,1001456,0.0,0.0,0.0,0.0,0.0,0.0
1001412,1001458,0.0,0.0,0.0,0.0,0.0,0.0
1001412,1001460,0.0,0.0,0.0,0.0,0.0,0.0
1001412,1001461,0.0,0.0,0.0,0.0,0.0,0.0
1001412,1001462,0.0,0.0,0.0,0.0,0.0,0.0
1001412,1001464,0.0,0.0,0.0,0.0,0.0,0.0
1001412,1001466,0.0,0.0,0.0,0.0,0.0,0.0
1001412,1001468,0.0,0.0,0.0,0.0,0.0,0.0
1001412,1001470,0.0,0.0,0.0,0.0,0.0,0.0
1001412,1001472,0.0,0.0,0.0,0.0,0.0,0.0
1001412,1001488,0.0,0.0,0.0,0.0,0.0,0.0
1001412,1004354,0.0,0.0,0.0,0.0,0.0,0.0
1001412,1004355,0.0,0.0,0.0,0.0,0.0,0.0
1001412,1004356,0.0,0.0,0.0,0.0,0.0,0.0
1001414,1001400,0.0,0.0,0.0,0.0,0.0,0.0
1001414,1001402,0.0,0.0,0.0,0.0,0.0,0.0
1001414,1001404,0.0,0.0,0.0,0.0,0.0,0.0
1001414,1001406,0.0,0.0,0.0,0.0,0.0,0.0
1001414,1001408,0.0,0.0,0.0,0.0,0.0,0.0
1001414,1001410,0.0,0.0,0.0,0.0,0.0,0.0
1001414,1001412,18.2,14.56,21.84,27.299999999999997,40.04,65.52
1001414,1001416,13.2,10.56,15.839999999999998,19.799999999999997,29.04,47.519999999999996
1001414,1001418,0.0,0.0,0.0,0.0,0.0,0.0
1001414,1001420,0.0,0.0,0.0,0.0,0.0,0.0
1001414,1001422,0.0,0.0,0.0,0.0,0.0,0.0
1001414,1001424,0.0,0.0,0.0,0.0,0.0,0.0
1001414,1001426,0.0,0.0,0.0,0.0,0.0,0.0
1001414,1001428,0.0,0.0,0.0,0.0,0.0,0.0
1001414,1001430,0.0,0.0,0.0,0.0,0.0,0.0
1001414,1001432,0.0,0.0,0.0,0.0,0.0,0.0
1001414,1001434,0.0,0.0,0.0,0.0,0.0,0.0
1001414,1001436,0.0,0.0,0.0,0.0,0.0,0.0
1001414,1001437,0.0,0.0,0.0,0.0,0.0,0.0
1001414,1001438,0.0,0.0,0.0,0.0,0.0,0.0
1001414,1001440,0.0,0.0,0.0,0.0,0.0,0.0
1001414,1001442,0.0,0.0,0.0,0.0,0.0,0.0
1001414,1001444,0.0,0.0,0.0,0.0,0.0,0.0
1001414,1001446,0.0,0.0,0.0,0.0,0.0,0.0
1001414,1001448,0.0,0.0,0.0,0.0,0.0,0.0
1001414,1001450,0.0,0.0,0.0,0.0,0.0,0.0
1001414,1001452,0.0,0.0,0.0,0.0,0.0,0.0
1001414,1001454,0.0,0.0,0.0,0.0,0.0,0.0
1001414,1001456,0.0,0.0,0.0,0.0,0.0,0.0
1001414,1001458,0.0,0.0,0.0,0.0,0.0,0.0
1001414,1001460,0.0,0.0,0.0,0.0,0.0,0.0
1001414,1001461,0.0,0.0,0.0,0.0,0.0,0.0
1001414,1001462,0.0,0.0,0.0,0.0,0.0,0.0
1001414,1001464,0.0,0.0,0.0,0.0,0.0,0.0
1001414,1001466,0.0,0.0,0.0,0.0,0.0,0.0
1001414,1001468,0.0,0.0,0.0,0.0,0.0,0.0
1001414,1001470,0.0,0.0,0.0,0.0,0.0,0.0
1001414,1001472,0.0,0.0,0.0,0.0,0.0,0.0
1001414,1001488,0.0,0.0,0.0,0.0,0.0,0.0
1001414,1004354,0.0,0.0,0.0,0.0,0.0,0.0
1001414,1004355,0.0,0.0,0.0,0.0,0.0,0.0
1001414,1004356,0.0,0.0,0.0,0.0,0.0,0.0
1001416,1001400,0.0,0.0,0.0,0.0,0.0,0.0
1001416,1001402,0.0,0.0,0.0,0.0,0.0,0.0
1001416,1001404,0.0,0.0,0.0,0.0,0.0,0.0
1001416,1001406,0.0,0.0,0.0,0.0,0.0,0.0
1001416,1001408,0.0,0.0,0.0,0.0,0.0,0.0
1001416,1001410,0.0,0.0,0.0,0.0,0.0,0.0
1001416,1001412,0.0,0.0,0.0,0.0,0.0,0.0
1001416,1001414,13.2,10.56,15.839999999999998,19.799999999999997,29.04,47.519999999999996
1001416,1001418,13.6,10.88,16.32,20.4,29.92,48.96
1001416,1001420,0.0,0.0,0.0,0.0,0.0,0.0
1001416,1001422,0.0,0.0,0.0,0.0,0.0,0.0
1001416,1001424,0.0,0.0,0.0,0.0,0.0,0.0
1001416,1001426,0.0,0.0,0.0,0.0,0.0,0.0
1001416,1001428,0.0,0.0,0.0,0.0,0.0,0.0
1001416,1001430,0.0,0.0,0.0,0.0,0.0,0.0
1001416,1001432,0.0,0.0,0.0,0.0,0.0,0.0
1001416,1001434,0.0,0.0,0.0,0.0,0.0,0.0
1001416,1001436,0.0,0.0,0.0,0.0,0.0,0.0
1001416,1001437,0.0,0.0,0.0,0.0,0.0,0.0
1001416,1001438,0.0,0.0,0.0,0.0,0.0,0.0
1001416,1001440,0.0,0.0,0.0,0.0,0.0,0.0
1001416,1001442,0.0,0.0,0.0,0.0,0.0,0.0
1001416,1001444,0.0,0.0,0.0,0.0,0.0,0.0
1001416,1001446,0.0,0.0,0.0,0.0,0.0,0.0
1001416,1001448,0.0,0.0,0.0,0.0,0.0,0.0
1001416,1001450,0.0,0.0,0.0,0.0,0.0,0.0
1001416,1001452,0.0,0.0,0.0,0.0,0.0,0.0
1001416,1001454,0.0,0.0,0.0,0.0,0.0,0.0
1001416,1001456,0.0,0.0,0.0,0.0,0.0,0.0
1001416,1001458,0.0,0.0,0.0,0.0,0.0,0.0
1001416,1001460,0.0,0.0,0.0,0.0,0.0,0.0
1001416,1001461,0.0,0.0,0.0,0.0,0.0,0.0
1001416,1001462,0.0,0.0,0.0,0.0,0.0,0.0
1001416,1001464,0.0,0.0,0.0,0.0,0.0,0.0
1001416,1001466,0.0,0.0,0.0,0.0,0.0,0.0
1001416,1001468,0.0,0.0,0.0,0.0,0.0,0.0
1001416,1001470,0.0,0.0,0.0,0.0,0.0,0.0
1001416,1001472,0.0,0.0,0.0,0.0,0.0,0.0
1001416,1001488,0.0,0.0,0.0,0.0,0.0,0.0
1001416,1004354,0.0,0.0,0.0,0.0,0.0,0.0
1001416,1004355,0.0,0.0,0.0,0.0,0.0,0.0
1001416,1004356,0.0,0.0,0.0,0.0,0.0,0.0
1001418,1001400,0.0,0.0,0.0,0.0,0.0,0.0
1001418,1001402,0.0,0.0,0.0,0.0,0.0,0.0
1001418,1001404,0.0,0.0,0.0,0.0,0.0,0.0
1001418,1001406,0.0,0.0,0.0,0.0,0.0,0.0
1001418,1001408,0.0,0.0,0.0,0.0,0.0,0.0
1001418,1001410,0.0,0.0,0.0,0.0,0.0,0.0
1001418,1001412,0.0,0.0,0.0,0.0,0.0,0.0
1001418,1001414,0.0,0.0,0.0,0.0,0.0,0.0
1001418,1001416,13.6,10.88,16.32,20.4,29.92,48.96
1001418,1001420,12.9,10.32,15.48,19.35,28.380000000000003,46.440000000000005
1001418,1001422,0.0,0.0,0.0,0.0,0.0,0.0
1001418,1001424,0.0,0.0,0.0,0.0,0.0,0.0
1001418,1001426,0.0,0.0,0.0,0.0,0.0,0.0
1001418,1001428,0.0,0.0,0.0,0.0,0.0,0.0
1001418,1001430,0.0,0.0,0.0,0.0,0.0,0.0
1001418,1001432,0.0,0.0,0.0,0.0,0.0,0.0
1001418,1001434,0.0,0.0,0.0,0.0,0.0,0.0
1001418,1001436,0.0,0.0,0.0,0.0,0.0,0.0
1001418,1001437,0.0,0.0,0.0,0.0,0.0,0.0
1001418,1001438,0.0,0.0,0.0,0.0,0.0,0.0
1001418,1001440,0.0,0.0,0.0,0.0,0.0,0.0
1001418,1001442,0.0,0.0,0.0,0.0,0.0,0.0
1001418,1001444,0.0,0.0,0.0,0.0,0.0,0.0
1001418,1001446,0.0,0.0,0.0,0.0,0.0,0.0
1001418,1001448,0.0,0.0,0.0,0.0,0.0,0.0
1001418,1001450,0.0,0.0,0.0,0.0,0.0,0.0
1001418,1001452,0.0,0.0,0.0,0.0,0.0,0.0
1001418,1001454,0.0,0.0,0.0,0.0,0.0,0.0
1001418,1001456,0.0,0.0,0.0,0.0,0.0,0.0
1001418,1001458,0.0,0.0,0.0,0.0,0.0,0.0
1001418,1001460,0.0,0.0,0.0,0.0,0.0,0.0
1001418,1001461,0.0,0.0,0.0,0.0,0.0,0.0
1001418,1001462,0.0,0.0,0.0,0.0,0.0,0.0
1001418,1001464,0.0,0.0,0.0,0.0,0.0,0.0
1001418,1001466,0.0,0.0,0.0,0.0,0.0,0.0
1001418,1001468,0.0,0.0,0.0,0.0,0.0,0.0
1001418,1001470,0.0,0.0,0.0,0.0,0.0,0.0
1001418,1001472,0.0,0.0,0.0,0.0,0.0,0.0
1001418,1001488,0.0,0.0,0.0,0.0,0.0,0.0
1001418,1004354,0.0,0.0,0.0,0.0,0.0,0.0
1001418,1004355,0.0,0.0,0.0,0.0,0.0,0.0
1001418,1004356,0.0,0.0,0.0,0.0,0.0,0.0
1001420,1001400,0.0,0.0,0.0,0.0,0.0,0.0
1001420,1001402,0.0,0.0,0.0,0.0,0.0,0.0
1001420,1001404,0.0,0.0,0.0,0.0,0.0,0.0
1001420,1001406,0.0,0.0,0.0,0.0,0.0,0.0
1001420,1001408,0.0,0.0,0.0,0.0,0.0,0.0
1001420,1001410,0.0,0.0,0.0,0.0,0.0,0.0
1001420,1001412,0.0,0.0,0.0,0.0,0.0,0.0
1001420,1001414,0.0,0.0,0.0,0.0,0.0,0.0
1001420,1001416,0.0,0.0,0.0,0.0,0.0,0.0
1001420,1001418,12.9,10.32,15.48,19.35,28.380000000000003,46.440000000000005
1001420,1001422,9.6,7.68,11.52,14.399999999999999,21.12,34.56
1001420,1001424,0.0,0.0,0.0,0.0,0.0,0.0
1001420,1001426,0.0,0.0,0.0,0.0,0.0,0.0
1001420,1001428,0.0,0.0,0.0,0.0,0.0,0.0
1001420,1001430,0.0,0.0,0.0,0.0,0.0,0.0
1001420,1001432,0.0,0.0,0.0,0.0,0.0,0.0
1001420,1001434,0.0,0.0,0.0,0.0,0.0,0.0
1001420,1001436,0.0,0.0,0.0,0.0,0.0,0.0
1001420,1001437,0.0,0.0,0.0,0.0,0.0,0.0
1001420,1001438,0.0,0.0,0.0,0.0,0.0,0.0
1001420,1001440,0.0,0.0,0.0,0.0,0.0,0.0
1001420,1001442,0.0,0.0,0.0,0.0,0.0,0.0
1001420,1001444,0.0,0.0,0.0,0.0,0.0,0.0
1001420,1001446,0.0,0.0,0.0,0.0,0.0,0.0
1001420,1001448,0.0,0.0,0.0,0.0,0.0,0.0
1001420,1001450,0.0,0.0,0.0,0.0,0.0,0.0
1001420,1001452,0.0,0.0,0.0,0.0,0.0,0.0
1001420,1001454,0.0,0.0,0.0,0.0,0.0,0.0
1001420,1001456,0.0,0.0,0.0,0.0,0.0,0.0
1001420,1001458,0.0,0.0,0.0,0.0,0.0,0.0
1001420,1001460,0.0,0.0,0.0,0.0,0.0,0.0
1001420,1001461,0.0,0.0,0.0,0.0,0.0,0.0
1001420,1001462,0.0,0.0,0.0,0.0,0.0,0.0
1001420,1001464,0.0,0.0,0.0,0.0,0.0,0.0
1001420,1001466,0.0,0.0,0.0,0.0,0.0,0.0
1001420,1001468,0.0,0.0,0.0,0.0,0.0,0.0
1001420,1001470,0.0,0.0,0.0,0.0,0.0,0.0
1001420,1001472,0.0,0.0,0.0,0.0,0.0,0.0
1001420,1001488,0.0,0.0,0.0,0.0,0.0,0.0
1001420,1004354,0.0,0.0,0.0,0.0,0.0,0.0
1001420,1004355,0.0,0.0,0.0,0.0,0.0,0.0
1001420,1004356,0.0,0.0,0.0,0.0,0.0,0.0
1001422,1001400,0.0,0.0,0.0,0.0,0.0,0.0
1001422,1001402,0.0,0.0,0.0,0.0,0.0,0.0
1001422,1001404,0.0,0.0,0.0,0.0,0.0,0.0
1001422,1001406,0.0,0.0,0.0,0.0,0.0,0.0
1001422,1001408,0.0,0.0,0.0,0.0,0.0,0.0
1001422,1001410,0.0,0.0,0.0,0.0,0.0,0.0
1001422,1001412,0.0,0.0,0.0,0.0,0.0,0.0
1001422,1001414,0.0,0.0,0.0,0.0,0.0,0.0
1001422,1001416,0.0,0.0,0.0,0.0,0.0,0.0
1001422,1001418,0.0,0.0,0.0,0.0,0.0,0.0
1001422,1001420,9.6,7.68,11.52,14.399999999999999,21.12,34.56
1001422,1001424,11.4,9.120000000000001,13.68,17.1,25.080000000000002,41.04
1001422,1001426,0.0,0.0,0.0,0.0,0.0,0.0
1001422,1001428,0.0,0.0,0.0,0.0,0.0,0.0
1001422,1001430,0.0,0.0,0.0,0.0,0.0,0.0
1001422,1001432,0.0,0.0,0.0,0.0,0.0,0.0
1001422,1001434,0.0,0.0,0.0,0.0,0.0,0.0
1001422,1001436,0.0,0.0,0.0,0.0,0.0,0.0
1001422,1001437,0.0,0.0,0.0,0.0,0.0,0.0
1001422,1001438,0.0,0.0,0.0,0.0,0.0,0.0
1001422,1001440,0.0,0.0,0.0,0.0,0.0,0.0
1001422,1001442,0.0,0.0,0.0,0.0,0.0,0.0
1001422,1001444,0.0,0.0,0.0,0.0,0.0,0.0
1001422,1001446,0.0,0.0,0.0,0.0,0.0,0.0
1001422,1001448,0.0,0.0,0.0,0.0,0.0,0.0
1001422,1001450,0.0,0.0,0.0,0.0,0.0,0.0
1001422,1001452,0.0,0.0,0.0,0.0,0.0,0.0
1001422,1001454,0.0,0.0,0.0,0.0,0.0,0.0
1001422,1001456,0.0,0.0,0.0,0.0,0.0,0.0
1001422,1001458,0.0,0.0,0.0,0.0,0.0,0.0
1001422,1001460,0.0,0.0,0.0,0.0,0.0,0.0
1001422,1001461,0.0,0.0,0.0,0.0,0.0,0.0
1001422,1001462,0.0,0.0,0.0,0.0,0.0,0.0
1001422,1001464,0.0,0.0,0.0,0.0,0.0,0.0
1001422,1001466,0.0,0.0,0.0,0.0,0.0,0.0
1001422,1001468,0.0,0.0,0.0,0.0,0.0,0.0
1001422,1001470,0.0,0.0,0.0,0.0,0.0,0.0
1001422,1001472,0.0,0.0,0.0,0.0,0.0,0.0
1001422,1001488,0.0,0.0,0.0,0.0,0.0,0.0
1001422,1004354,0.0,0.0,0.0,0.0,0.0,0.0
1001422,1004355,0.0,0.0,0.0,0.0,0.0,0.0
1001422,1004356,0.0,0.0,0.0,0.0,0.0,0.0
1001424,1001400,0.0,0.0,0.0,0.0,0.0,0.0
1001424,1001402,0.0,0.0,0.0,0.0,0.0,0.0
1001424,1001404,0.0,0.0,0.0,0.0,0.0,0.0
1001424,1001406,0.0,0.0,0.0,0.0,0.0,0.0
1001424,1001408,0.0,0.0,0.0,0.0,0.0,0.0
1001424,1001410,0.0,0.0,0.0,0.0,0.0,0.0
1001424,1001412,0.0,0.0,0.0,0.0,0.0,0.0
1001424,1001414,0.0,0.0,0.0,0.0,0.0,0.0
1001424,1001416,0.0,0.0,0.0,0.0,0.0,0.0
1001424,1001418,0.0,0.0,0.0,0.0,0.0,0.0
1001424,1001420,0.0,0.0,0.0,0.0,0.0,0.0
1001424,1001422,11.4,9.120000000000001,13.68,17.1,25.080000000000002,41.04
1001424,1001426,18.6,14.880000000000003,22.32,27.900000000000002,40.92000000000001,66.96000000000001
1001424,1001428,0.0,0.0,0.0,0.0,0.0,0.0
1001424,1001430,0.0,0.0,0.0,0.0,0.0,0.0
1001424,1001432,0.0,0.0,0.0,0.0,0.0,0.0
1001424,1001434,0.0,0.0,0.0,0.0,0.0,0.0
1001424,1001436,0.0,0.0,0.0,0.0,0.0,0.0
1001424,1001437,0.0,0.0,0.0,0.0,0.0,0.0
1001424,1001438,0.0,0.0,0.0,0.0,0.0,0.0
1001424,1001440,0.0,0.0,0.0,0.0,0.0,0.0
1001424,1001442,0.0,0.0,0.0,0.0,0.0,0.0
1001424,1001444,0.0,0.0,0.0,0.0,0.0,0.0
1001424,1001446,0.0,0.0,0.0,0.0,0.0,0.0
1001424,1001448,0.0,0.0,0.0,0.0,0.0,0.0
1001424,1001450,0.0,0.0,0.0,0.0,0.0,0.0
1001424,1001452,0.0,0.0,0.0,0.0,0.0,0.0
1001424,1001454,0.0,0.0,0.0,0.0,0.0,0.0
1001424,1001456,0.0,0.0,0.0,0.0,0.0,0.0
1001424,1001458,0.0,0.0,0.0,0.0,0.0,0.0
1001424,1001460,0.0,0.0,0.0,0.0,0.0,0.0
1001424,1001461,0.0,0.0,0.0,0.0,0.0,0.0
1001424,1001462,0.0,0.0,0.0,0.0,0.0,0.0
1001424,1001464,0.0,0.0,0.0,0.0,0.0,0.0
1001424,1001466,0.0,0.0,0.0,0.0,0.0,0.0
1001424,1001468,0.0,0.0,0.0,0.0,0.0,0.0
1001424,1001470,0.0,0.0,0.0,0.0,0.0,0.0
1001424,1001472,0.0,0.0,0.0,0.0,0.0,0.0
1001424,1001488,0.0,0.0,0.0,0.0,0.0,0.0
1001424,1004354,0.0,0.0,0.0,0.0,0.0,0.0
1001424,1004355,0.0,0.0,0.0,0.0,0.0,0.0
1001424,1004356,0.0,0.0,0.0,0.0,0.0,0.0
1001426,1001400,0.0,0.0,0.0,0.0,0.0,0.0
1001426,1001402,0.0,0.0,0.0,0.0,0.0,0.0
1001426,1001404,0.0,0.0,0.0,0.0,0.0,0.0
1001426,1001406,0.0,0.0,0.0,0.0,0.0,0.0
1001426,1001408,0.0,0.0,0.0,0.0,0.0,0.0
1001426,1001410,0.0,0.0,0.0,0.0,0.0,0.0
1001426,1001412,0.0,0.0,0.0,0.0,0.0,0.0
1001426,1001414,0.0,0.0,0.0,0.0,0.0,0.0
1001426,1001416,0.0,0.0,0.0,0.0,0.0,0.0
1001426,1001418,0.0,0.0,0.0,0.0,0.0,0.0
1001426,1001420,0.0,0.0,0.0,0.0,0.0,0.0
1001426,1001422,0.0,0.0,0.0,0.0,0.0,0.0
1001426,1001424,18.6,14.880000000000003,22.32,27.900000000000002,40.92000000000001,66.96000000000001
1001426,1001428,15.8,12.64,18.96,23.700000000000003,34.760000000000005,56.88
1001426,1001430,0.0,0.0,0.0,0.0,0.0,0.0
1001426,1001432,0.0,0.0,0.0,0.0,0.0,0.0
1001426,1001434,0.0,0.0,0.0,0.0,0.0,0.0
1001426,1001436,0.0,0.0,0.0,0.0,0.0,0.0
1001426,1001437,0.0,0.0,0.0,0.0,0.0,0.0
1001426,1001438,0.0,0.0,0.0,0.0,0.0,0.0
1001426,1001440,0.0,0.0,0.0,0.0,0.0,0.0
1001426,1001442,0.0,0.0,0.0,0.0,0.0,0.0
1001426,1001444,0.0,0.0,0.0,0.0,0.0,0.0
1001426,1001446,0.0,0.0,0.0,0.0,0.0,0.0
1001426,1001448,0.0,0.0,0.0,0.0,0.0,0.0
1001426,1001450,0.0,0.0,0.0,0.0,0.0,0.0
1001426,1001452,0.0,0.0,0.0,0.0,0.0,0.0
1001426,1001454,0.0,0.0,0.0,0.0,0.0,0.0
1001426,1001456,0.0,0.0,0.0,0.0,0.0,0.0
1001426,1001458,0.0,0.0,0.0,0.0,0.0,0.0
1001426,1001460,0.0,0.0,0.0,0.0,0.0,0.0
1001426,1001461,0.0,0.0,0.0,0.0,0.0,0.0
1001426,1001462,0.0,0.0,0.0,0.0,0.0,0.0
1001426,1001464,0.0,0.0,0.0,0.0,0.0,0.0
1001426,1001466,0.0,0.0,0.0,0.0,0.0,0.0
1001426,1001468,0.0,0.0,0.0,0.0,0.0,0.0
1001426,1001470,0.0,0.0,0.0,0.0,0.0,0.0
1001426,1001472,0.0,0.0,0.0,0.0,0.0,0.0
1001426,1001488,0.0,0.0,0.0,0.0,0.0,0.0
1001426,1004354,0.0,0.0,0.0,0.0,0.0,0.0
1001426,1004355,0.0,0.0,0.0,0.0,0.0,0.0
1001426,1004356,0.0,0.0,0.0,0.0,0.0,0.0
1001428,1001400,0.0,0.0,0.0,0.0,0.0,0.0
1001428,1001402,0.0,0.0,0.0,0.0,0.0,0.0
1001428,1001404,0.0,0.0,0.0,0.0,0.0,0.0
1001428,1001406,0.0,0.0,0.0,0.0,0.0,0.0
1001428,1001408,0.0,0.0,0.0,0.0,0.0,0.0
1001428,1001410,0.0,0.0,0.0,0.0,0.0,0.0
1001428,1001412,0.0,0.0,0.0,0.0,0.0,0.0
1001428,1001414,0.0,0.0,0.0,0.0,0.0,0.0
1001428,1001416,0.0,0.0,0.0,0.0,0.0,0.0
1001428,1001418,0.0,0.0,0.0,0.0,0.0,0.0
1001428,1001420,0.0,0.0,0.0,0.0,0.0,0.0
1001428,1001422,0.0,0.0,0.0,0.0,0.0,0.0
1001428,1001424,0.0,0.0,0.0,0.0,0.0,0.0
1001428,1001426,15.8,12.64,18.96,23.700000000000003,34.760000000000005,56.88
1001428,1001430,8.6,6.88,10.319999999999999,12.899999999999999,18.92,30.96
1001428,1001432,0.0,0.0,0.0,0.0,0.0,0.0
1001428,1001434,0.0,0.0,0.0,0.0,0.0,0.0
1001428,1001436,0.0,0.0,0.0,0.0,0.0,0.0
1001428,1001437,0.0,0.0,0.0,0.0,0.0,0.0
1001428,1001438,0.0,0.0,0.0,0.0,0.0,0.0
1001428,1001440,0.0,0.0,0.0,0.0,0.0,0.0
1001428,1001442,0.0,0.0,0.0,0.0,0.0,0.0
1001428,1001444,0.0,0.0,0.0,0.0,0.0,0.0
1001428,1001446,0.0,0.0,0.0,0.0,0.0,0.0
1001428,1001448,0.0,0.0,0.0,0.0,0.0,0.0
1001428,1001450,0.0,0.0,0.0,0.0,0.0,0.0
1001428,1001452,0.0,0.0,0.0,0.0,0.0,0.0
1001428,1001454,0.0,0.0,0.0,0.0,0.0,0.0
1001428,1001456,0.0,0.0,0.0,0.0,0.0,0.0
1001428,1001458,0.0,0.0,0.0,0.0,0.0,0.0
1001428,1001460,0.0,0.0,0.0,0.0,0.0,0.0
1001428,1001461,0.0,0.0,0.0,0.0,0.0,0.0
1001428,1001462,0.0,0.0,0.0,0.0,0.0,0.0
1001428,1001464,0.0,0.0,0.0,0.0,0.0,0.0
1001428,1001466,0.0,0.0,0.0,0.0,0.0,0.0
1001428,1001468,0.0,0.0,0.0,0.0,0.0,0.0
1001428,1001470,0.0,0.0,0.0,0.0,0.0,0.0
1001428,1001472,0.0,0.0,0.0,0.0,0.0,0.0
1001428,1001488,0.0,0.0,0.0,0.0,0.0,0.0
1001428,1004354,0.0,0.0,0.0,0.0,0.0,0.0
1001428,1004355,0.0,0.0,0.0,0.0,0.0,0.0
1001428,1004356,0.0,0.0,0.0,0.0,0.0,0.0
1001430,1001400,0.0,0.0,0.0,0.0,0.0,0.0
1001430,1001402,0.0,0.0,0.0,0.0,0.0,0.0
1001430,1001404,0.0,0.0,0.0,0.0,0.0,0.0
1001430,1001406,0.0,0.0,0.0,0.0,0.0,0.0
1001430,1001408,0.0,0.0,0.0,0.0,0.0,0.0
1001430,1001410,0.0,0.0,0.0,0.0,0.0,0.0
1001430,1001412,0.0,0.0,0.0,0.0,0.0,0.0
1001430,1001414,0.0,0.0,0.0,0.0,0.0,0.0
1001430,1001416,0.0,0.0,0.0,0.0,0.0,0.0
1001430,1001418,0.0,0.0,0.0,0.0,0.0,0.0
1001430,1001420,0.0,0.0,0.0,0.0,0.0,0.0
1001430,1001422,0.0,0.0,0.0,0.0,0.0,0.0
1001430,1001424,0.0,0.0,0.0,0.0,0.0,0.0
1001430,1001426,0.0,0.0,0.0,0.0,0.0,0.0
1001430,1001428,8.6,6.88,10.319999999999999,12.899999999999999,18.92,30.96
1001430,1001432,9.0,7.2,10.799999999999999,13.5,19.8,32.4
1001430,1001434,0.0,0.0,0.0,0.0,0.0,0.0
1001430,1001436,0.0,0.0,0.0,0.0,0.0,0.0
1001430,1001437,0.0,0.0,0.0,0.0,0.0,0.0
1001430,1001438,0.0,0.0,0.0,0.0,0.0,0.0
1001430,1001440,0.0,0.0,0.0,0.0,0.0,0.0
1001430,1001442,0.0,0.0,0.0,0.0,0.0,0.0
1001430,1001444,0.0,0.0,0.0,0.0,0.0,0.0
1001430,1001446,0.0,0.0,0.0,0.0,0.0,0.0
1001430,1001448,0.0,0.0,0.0,0.0,0.0,0.0
1001430,1001450,0.0,0.0,0.0,0.0,0.0,0.0
1001430,1001452,0.0,0.0,0.0,0.0,0.0,0.0
1001430,1001454,0.0,0.0,0.0,0.0,0.0,0.0
1001430,1001456,0.0,0.0,0.0,0.0,0.0,0.0
1001430,1001458,0.0,0.0,0.0,0.0,0.0,0.0
1001430,1001460,0.0,0.0,0.0,0.0,0.0,0.0
1001430,1001461,0.0,0.0,0.0,0.0,0.0,0.0
1001430,1001462,0.0,0.0,0.0,0.0,0.0,0.0
1001430,1001464,0.0,0.0,0.0,0.0,0.0,0.0
1001430,1001466,0.0,0.0,0.0,0.0,0.0,0.0
1001430,1001468,0.0,0.0,0.0,0.0,0.0,0.0
1001430,1001470,0.0,0.0,0.0,0.0,0.0,0.0
1001430,1001472,0.0,0.0,0.0,0.0,0.0,0.0
1001430,1001488,0.0,0.0,0.0,0.0,0.0,0.0
1001430,1004354,0.0,0.0,0.0,0.0,0.0,0.0
1001430,1004355,0.0,0.0,0.0,0.0,0.0,0.0
1001430,1004356,0.0,0.0,0.0,0.0,0.0,0.0
1001432,1001400,0.0,0.0,0.0,0.0,0.0,0.0
1001432,1001402,0.0,0.0,0.0,0.0,0.0,0.0
1001432,1001404,0.0,0.0,0.0,0.0,0.0,0.0
1001432,1001406,0.0,0.0,0.0,0.0,0.0,0.0
1001432,1001408,0.0,0.0,0.0,0.0,0.0,0.0
1001432,1001410,0.0,0.0,0.0,0.0,0.0,0.0
1001432,1001412,0.0,0.0,0.0,0.0,0.0,0.0
1001432,1001414,0.0,0.0,0.0,0.0,0.0,0.0
1001432,1001416,0.0,0.0,0.0,0.0,0.0,0.0
1001432,1001418,0.0,0.0,0.0,0.0,0.0,0.0
1001432,1001420,0.0,0.0,0.0,0.0,0.0,0.0
1001432,1001422,0.0,0.0,0.0,0.0,0.0,0.0
1001432,1001424,0.0,0.0,0.0,0.0,0.0,0.0
1001432,1001426,0.0,0.0,0.0,0.0,0.0,0.0
1001432,1001428,0.0,0.0,0.0,0.0,0.0,0.0
1001432,1001430,9.0,7.2,10.799999999999999,13.5,19.8,32.4
1001432,1001434,7.9,6.32,9.48,11.850000000000001,17.380000000000003,28.44
1001432,1001436,0.0,0.0,0.0,0.0,0.0,0.0
1001432,1001437,0.0,0.0,0.0,0.0,0.0,0.0
1001432,1001438,0.0,0.0,0.0,0.0,0.0,0.0
1001432,1001440,0.0,0.0,0.0,0.0,0.0,0.0
1001432,1001442,0.0,0.0,0.0,0.0,0.0,0.0
1001432,1001444,0.0,0.0,0.0,0.0,0.0,0.0
1001432,1001446,0.0,0.0,0.0,0.0,0.0,0.0
1001432,1001448,0.0,0.0,0.0,0.0,0.0,0.0
1001432,1001450,0.0,0.0,0.0,0.0,0.0,0.0
1001432,1001452,0.0,0.0,0.0,0.0,0.0,0.0
1001432,1001454,0.0,0.0,0.0,0.0,0.0,0.0
1001432,1001456,0.0,0.0,0.0,0.0,0.0,0.0
1001432,1001458,0.0,0.0,0.0,0.0,0.0,0.0
1001432,1001460,0.0,0.0,0.0,0.0,0.0,0.0
1001432,1001461,0.0,0.0,0.0,0.0,0.0,0.0
1001432,1001462,0.0,0.0,0.0,0.0,0.0,0.0
1001432,1001464,0.0,0.0,0.0,0.0,0.0,0.0
1001432,1001466,0.0,0.0,0.0,0.0,0.0,0.0
1001432,1001468,0.0,0.0,0.0,0.0,0.0,0.0
1001432,1001470,0.0,0.0,0.0,0.0,0.0,0.0
1001432,1001472,0.0,0.0,0.0,0.0,0.0,0.0
1001432,1001488,0.0,0.0,0.0,0.0,0.0,0.0
1001432,1004354,0.0,0.0,0.0,0.0,0.0,0.0
1001432,1004355,0.0,0.0,0.0,0.0,0.0,0.0
1001432,1004356,0.0,0.0,0.0,0.0,0.0,0.0
1001434,1001400,0.0,0.0,0.0,0.0,0.0,0.0
1001434,1001402,0.0,0.0,0.0,0.0,0.0,0.0
1001434,1001404,0.0,0.0,0.0,0.0,0.0,0.0
1001434,1001406,0.0,0.0,0.0,0.0,0.0,0.0
1001434,1001408,0.0,0.0,0.0,0.0,0.0,0.0
1001434,1001410,0.0,0.0,0.0,0.0,0.0,0.0
1001434,1001412,0.0,0.0,0.0,0.0,0.0,0.0
1001434,1001414,0.0,0.0,0.0,0.0,0.0,0.0
1001434,1001416,0.0,0.0,0.0,0.0,0.0,0.0
1001434,1001418,0.0,0.0,0.0,0.0,0.0,0.0
1001434,1001420,0.0,0.0,0.0,0.0,0.0,0.0
1001434,1001422,0.0,0.0,0.0,0.0,0.0,0.0
1001434,1001424,0.0,0.0,0.0,0.0,0.0,0.0
1001434,1001426,0.0,0.0,0.0,0.0,0.0,0.0
1001434,1001428,0.0,0.0,0.0,0.0,0.0,0.0
1001434,1001430,0.0,0.0,0.0,0.0,0.0,0.0
1001434,1001432,7.9,6.32,9.48,11.850000000000001,17.380000000000003,28.44
1001434,1001436,4.0,3.2,4.8,6.0,8.8,14.4
1001434,1001437,0.0,0.0,0.0,0.0,0.0,0.0
1001434,1001438,0.0,0.0,0.0,0.0,0.0,0.0
1001434,1001440,0.0,0.0,0.0,0.0,0.0,0.0
1001434,1001442,0.0,0.0,0.0,0.0,0.0,0.0
1001434,1001444,0.0,0.0,0.0,0.0,0.0,0.0
1001434,1001446,0.0,0.0,0.0,0.0,0.0,0.0
1001434,1001448,0.0,0.0,0.0,0.0,0.0,0.0
1001434,1001450,0.0,0.0,0.0,0.0,0.0,0.0
1001434,1001452,0.0,0.0,0.0,0.0,0.0,0.0
1001434,1001454,0.0,0.0,0.0,0.0,0.0,0.0
1001434,1001456,0.0,0.0,0.0,0.0,0.0,0.0
1001434,1001458,0.0,0.0,0.0,0.0,0.0,0.0
1001434,1001460,0.0,0.0,0.0,0.0,0.0,0.0
1001434,1001461,0.0,0.0,0.0,0.0,0.0,0.0
1001434,1001462,0.0,0.0,0.0,0.0,0.0,0.0
1001434,1001464,0.0,0.0,0.0,0.0,0.0,0.0
1001434,1001466,0.0,0.0,0.0,0.0,0.0,0.0
1001434,1001468,0.0,0.0,0.0,0.0,0.0,0.0
1001434,1001470,0.0,0.0,0.0,0.0,0.0,0.0
1001434,1001472,0.0,0.0,0.0,0.0,0.0,0.0
1001434,1001488,0.0,0.0,0.0,0.0,0.0,0.0
1001434,1004354,0.0,0.0,0.0,0.0,0.0,0.0
1001434,1004355,0.0,0.0,0.0,0.0,0.0,0.0
1001434,1004356,0.0,0.0,0.0,0.0,0.0,0.0
1001436,1001400,0.0,0.0,0.0,0.0,0.0,0.0
1001436,1001402,0.0,0.0,0.0,0.0,0.0,0.0
1001436,1001404,0.0,0.0,0.0,0.0,0.0,0.0
1001436,1001406,0.0,0.0,0.0,0.0,0.0,0.0
1001436,1001408,0.0,0.0,0.0,0.0,0.0,0.0
1001436,1001410,0.0,0.0,0.0,0.0,0.0,0.0
1001436,1001412,0.0,0.0,0.0,0.0,0.0,0.0
1001436,1001414,0.0,0.0,0.0,0.0,0.0,0.0
1001436,1001416,0.0,0.0,0.0,0.0,0.0,0.0
1001436,1001418,0.0,0.0,0.0,0.0,0.0,0.0
1001436,1001420,0.0,0.0,0.0,0.0,0.0,0.0
1001436,1001422,0.0,0.0,0.0,0.0,0.0,0.0
1001436,1001424,0.0,0.0,0.0,0.0,0.0,0.0
1001436,1001426,0.0,0.0,0.0,0.0,0.0,0.0
1001436,1001428,0.0,0.0,0.0,0.0,0.0,0.0
1001436,1001430,0.0,0.0,0.0,0.0,0.0,0.0
1001436,1001432,0.0,0.0,0.0,0.0,0.0,0.0
1001436,1001434,4.0,3.2,4.8,6.0,8.8,14.4
1001436,1001437,5.0,4.0,6.0,7.5,11.0,18.0
1001436,1001438,9.0,7.2,10.799999999999999,13.5,19.8,32.4
1001436,1001440,0.0,0.0,0.0,0.0,0.0,0.0
1001436,1001442,0.0,0.0,0.0,0.0,0.0,0.0
1001436,1001444,0.0,0.0,0.0,0.0,0.0,0.0
1001436,1001446,0.0,0.0,0.0,0.0,0.0,0.0
1001436,1001448,0.0,0.0,0.0,0.0,0.0,0.0
1001436,1001450,0.0,0.0,0.0,0.0,0.0,0.0
1001436,1001452,0.0,0.0,0.0,0.0,0.0,0.0
1001436,1001454,0.0,0.0,0.0,0.0,0.0,0.0
1001436,1001456,0.0,0.0,0.0,0.0,0.0,0.0
1001436,1001458,0.0,0.0,0.0,0.0,0.0,0.0
1001436,1001460,0.0,0.0,0.0,0.0,0.0,0.0
1001436,1001461,0.0,0.0,0.0,0.0,0.0,0.0
1001436,1001462,0.0,0.0,0.0,0.0,0.0,0.0
1001436,1001464,0.0,0.0,0.0,0.0,0.0,0.0
1001436,1001466,0.0,0.0,0.0,0.0,0.0,0.0
1001436,1001468,0.0,0.0,0.0,0.0,0.0,0.0
1001436,1001470,0.0,0.0,0.0,0.0,0.0,0.0
1001436,1001472,0.0,0.0,0.0,0.0,0.0,0.0
1001436,1001488,0.0,0.0,0.0,0.0,0.0,0.0
1001436,1004354,0.0,0.0,0.0,0.0,0.0,0.0
1001436,1004355,0.0,0.0,0.0,0.0,0.0,0.0
1001436,1004356,0.0,0.0,0.0,0.0,0.0,0.0
1001437,1001400,0.0,0.0,0.0,0.0,0.0,0.0
1001437,1001402,0.0,0.0,0.0,0.0,0.0,0.0
1001437,1001404,0.0,0.0,0.0,0.0,0.0,0.0
1001437,1001406,0.0,0.0,0.0,0.0,0.0,0.0
1001437,1001408,0.0,0.0,0.0,0.0,0.0,0.0
1001437,1001410,0.0,0.0,0.0,0.0,0.0,0.0
1001437,1001412,0.0,0.0,0.0,0.0,0.0,0.0
1001437,1001414,0.0,0.0,0.0,0.0,0.0,0.0
1001437,1001416,0.0,0.0,0.0,0.0,0.0,0.0
1001437,1001418,0.0,0.0,0.0,0.0,0.0,0.0
1001437,1001420,0.0,0.0,0.0,0.0,0.0,0.0
1001437,1001422,0.0,0.0,0.0,0.0,0.0,0.0
1001437,1001424,0.0,0.0,0.0,0.0,0.0,0.0
1001437,1001426,0.0,0.0,0.0,0.0,0.0,0.0
1001437,1001428,0.0,0.0,0.0,0.0,0.0,0.0
1001437,1001430,0.0,0.0,0.0,0.0,0.0,0.0
1001437,1001432,0.0,0.0,0.0,0.0,0.0,0.0
1001437,1001434,0.0,0.0,0.0,0.0,0.0,0.0
1001437,1001436,5.0,4.0,6.0,7.5,11.0,18.0
1001437,1001438,4.0,3.2,4.8,6.0,8.8,14.4
1001437,1001440,0.0,0.0,0.0,0.0,0.0,0.0
1001437,1001442,0.0,0.0,0.0,0.0,0.0,0.0
1001437,1001444,0.0,0.0,0.0,0.0,0.0,0.0
1001437,1001446,0.0,0.0,0.0,0.0,0.0,0.0
1001437,1001448,0.0,0.0,0.0,0.0,0.0,0.0
1001437,1001450,0.0,0.0,0.0,0.0,0.0,0.0
1001437,1001452,0.0,0.0,0.0,0.0,0.0,0.0
1001437,1001454,0.0,0.0,0.0,0.0,0.0,0.0
1001437,1001456,0.0,0.0,0.0,0.0,0.0,0.0
1001437,1001458,0.0,0.0,0.0,0.0,0.0,0.0
1001437,1001460,0.0,0.0,0.0,0.0,0.0,0.0
1001437,1001461,0.0,0.0,0.0,0.0,0.0,0.0
1001437,1001462,0.0,0.0,0.0,0.0,0.0,0.0
1001437,1001464,0.0,0.0,0.0,0.0,0.0,0.0
1001437,1001466,0.0,0.0,0.0,0.0,0.0,0.0
1001437,1001468,0.0,0.0,0.0,0.0,0.0,0.0
1001437,1001470,0.0,0.0,0.0,0.0,0.0,0.0
1001437,1001472,0.0,0.0,0.0,0.0,0.0,0.0
1001437,1001488,0.0,0.0,0.0,0.0,0.0,0.0
1001437,1004354,0.0,0.0,0.0,0.0,0.0,0.0
1001437,1004355,0.0,0.0,0.0,0.0,0.0,0.0
1001437,1004356,0.0,0.0,0.0,0.0,0.0,0.0
1001438,1001400,0.0,0.0,0.0,0.0,0.0,0.0
1001438,1001402,0.0,0.0,0.0,0.0,0.0,0.0
1001438,1001404,0.0,0.0,0.0,0.0,0.0,0.0
1001438,1001406,0.0,0.0,0.0,0.0,0.0,0.0
1001438,1001408,0.0,0.0,0.0,0.0,0.0,0.0
1001438,1001410,0.0,0.0,0.0,0.0,0.0,0.0
1001438,1001412,0.0,0.0,0.0,0.0,0.0,0.0
1001438,1001414,0.0,0.0,0.0,0.0,0.0,0.0
1001438,1001416,0.0,0.0,0.0,0.0,0.0,0.0
1001438,1001418,0.0,0.0,0.0,0.0,0.0,0.0
1001438,1001420,0.0,0.0,0.0,0.0,0.0,0.0
1001438,1001422,0.0,0.0,0.0,0.0,0.0,0.0
1001438,1001424,0.0,0.0,0.0,0.0,0.0,0.0
1001438,1001426,0.0,0.0,0.0,0.0,0.0,0.0
1001438,1001428,0.0,0.0,0.0,0.0,0.0,0.0
1001438,1001430,0.0,0.0,0.0,0.0,0.0,0.0
1001438,1001432,0.0,0.0,0.0,0.0,0.0,0.0
1001438,1001434,0.0,0.0,0.0,0.0,0.0,0.0
1001438,1001436,9.0,7.2,10.799999999999999,13.5,19.8,32.4
1001438,1001437,4.0,3.2,4.8,6.0,8.8,14.4
1001438,1001440,10.0,8.0,12.0,15.0,22.0,36.0
1001438,1001442,0.0,0.0,0.0,0.0,0.0,0.0
1001438,1001444,0.0,0.0,0.0,0.0,0.0,0.0
1001438,1001446,0.0,0.0,0.0,0.0,0.0,0.0
1001438,1001448,0.0,0.0,0.0,0.0,0.0,0.0
1001438,1001450,0.0,0.0,0.0,0.0,0.0,0.0
1001438,1001452,0.0,0.0,0.0,0.0,0.0,0.0
1001438,1001454,0.0,0.0,0.0,0.0,0.0,0.0
1001438,1001456,0.0,0.0,0.0,0.0,0.0,0.0
1001438,1001458,0.0,0.0,0.0,0.0,0.0,0.0
1001438,1001460,0.0,0.0,0.0,0.0,0.0,0.0
1001438,1001461,0.0,0.0,0.0,0.0,0.0,0.0
1001438,1001462,0.0,0.0,0.0,0.0,0.0,0.0
1001438,1001464,0.0,0.0,0.0,0.0,0.0,0.0
1001438,1001466,0.0,0.0,0.0,0.0,0.0,0.0
1001438,1001468,0.0,0.0,0.0,0.0,0.0,0.0
1001438,1001470,0.0,0.0,0.0,0.0,0.0,0.0
1001438,1001472,0.0,0.0,0.0,0.0,0.0,0.0
1001438,1001488,0.0,0.0,0.0,0.0,0.0,0.0
1001438,1004354,0.0,0.0,0.0,0.0,0.0,0.0
1001438,1004355,0.0,0.0,0.0,0.0,0.0,0.0
1001438,1004356,0.0,0.0,0.0,0.0,0.0,0.0
1001440,1001400,0.0,0.0,0.0,0.0,0.0,0.0
1001440,1001402,0.0,0.0,0.0,0.0,0.0,0.0
1001440,1001404,0.0,0.0,0.0,0.0,0.0,0.0
1001440,1001406,0.0,0.0,0.0,0.0,0.0,0.0
1001440,1001408,0.0,0.0,0.0,0.0,0.0,0.0
1001440,1001410,0.0,0.0,0.0,0.0,0.0,0.0
1001440,1001412,0.0,0.0,0.0,0.0,0.0,0.0
1001440,1001414,0.0,0.0,0.0,0.0,0.0,0.0
1001440,1001416,0.0,0.0,0.0,0.0,0.0,0.0
1001440,1001418,0.0,0.0,0.0,0.0,0.0,0.0
1001440,1001420,0.0,0.0,0.0,0.0,0.0,0.0
1001440,1001422,0.0,0.0,0.0,0.0,0.0,0.0
1001440,1001424,0.0,0.0,0.0,0.0,0.0,0.0
1001440,1001426,0.0,0.0,0.0,0.0,0.0,0.0
1001440,1001428,0.0,0.0,0.0,0.0,0.0,0.0
1001440,1001430,0.0,0.0,0.0,0.0,0.0,0.0
1001440,1001432,0.0,0.0,0.0,0.0,0.0,0.0
1001440,1001434,0.0,0.0,0.0,0.0,0.0,0.0
1001440,1001436,0.0,0.0,0.0,0.0,0.0,0.0
1001440,1001437,0.0,0.0,0.0,0.0,0.0,0.0
1001440,1001438,10.0,8.0,12.0,15.0,22.0,36.0
1001440,1001442,3.9,3.12,4.68,5.85,8.58,14.04
1001440,1001444,0.0,0.0,0.0,0.0,0.0,0.0
1001440,1001446,0.0,0.0,0.0,0.0,0.0,0.0
1001440,1001448,0.0,0.0,0.0,0.0,0.0,0.0
1001440,1001450,0.0,0.0,0.0,0.0,0.0,0.0
1001440,1001452,0.0,0.0,0.0,0.0,0.0,0.0
1001440,1001454,0.0,0.0,0.0,0.0,0.0,0.0
1001440,1001456,0.0,0.0,0.0,0.0,0.0,0.0
1001440,1001458,0.0,0.0,0.0,0.0,0.0,0.0
1001440,1001460,0.0,0.0,0.0,0.0,0.0,0.0
1001440,1001461,0.0,0.0,0.0,0.0,0.0,0.0
1001440,1001462,0.0,0.0,0.0,0.0,0.0,0.0
1001440,1001464,0.0,0.0,0.0,0.0,0.0,0.0
1001440,1001466,0.0,0.0,0.0,0.0,0.0,0.0
1001440,1001468,0.0,0.0,0.0,0.0,0.0,0.0
1001440,1001470,0.0,0.0,0.0,0.0,0.0,0.0
1001440,1001472,0.0,0.0,0.0,0.0,0.0,0.0
1001440,1001488,0.0,0.0,0.0,0.0,0.0,0.0
1001440,1004354,0.0,0.0,0.0,0.0,0.0,0.0
1001440,1004355,0.0,0.0,0.0,0.0,0.0,0.0
1001440,1004356,0.0,0.0,0.0,0.0,0.0,0.0
1001442,1001400,0.0,0.0,0.0,0.0,0.0,0.0
1001442,1001402,0.0,0.0,0.0,0.0,0.0,0.0
1001442,1001404,0.0,0.0,0.0,0.0,0.0,0.0
1001442,1001406,0.0,0.0,0.0,0.0,0.0,0.0
1001442,1001408,0.0,0.0,0.0,0.0,0.0,0.0
1001442,1001410,0.0,0.0,0.0,0.0,0.0,0.0
1001442,1001412,0.0,0.0,0.0,0.0,0.0,0.0
1001442,1001414,0.0,0.0,0.0,0.0,0.0,0.0
1001442,1001416,0.0,0.0,0.0,0.0,0.0,0.0
1001442,1001418,0.0,0.0,0.0,0.0,0.0,0.0
1001442,1001420,0.0,0.0,0.0,0.0,0.0,0.0
1001442,1001422,0.0,0.0,0.0,0.0,0.0,0.0
1001442,1001424,0.0,0.0,0.0,0.0,0.0,0.0
1001442,1001426,0.0,0.0,0.0,0.0,0.0,0.0
1001442,1001428,0.0,0.0,0.0,0.0,0.0,0.0
1001442,1001430,0.0,0.0,0.0,0.0,0.0,0.0
1001442,1001432,0.0,0.0,0.0,0.0,0.0,0.0
1001442,1001434,0.0,0.0,0.0,0.0,0.0,0.0
1001442,1001436,0.0,0.0,0.0,0.0,0.0,0.0
1001442,1001437,0.0,0.0,0.0,0.0,0.0,0.0
1001442,1001438,0.0,0.0,0.0,0.0,0.0,0.0
1001442,1001440,3.9,3.12,4.68,5.85,8.58,14.04
1001442,1001444,0.0,0.0,0.0,0.0,0.0,0.0
1001442,1001446,0.0,0.0,0.0,0.0,0.0,0.0
1001442,1001448,0.0,0.0,0.0,0.0,0.0,0.0
1001442,1001450,0.0,0.0,0.0,0.0,0.0,0.0
1001442,1001452,0.0,0.0,0.0,0.0,0.0,0.0
1001442,1001454,0.0,0.0,0.0,0.0,0.0,0.0
1001442,1001456,0.0,0.0,0.0,0.0,0.0,0.0
1001442,1001458,0.0,0.0,0.0,0.0,0.0,0.0
1001442,1001460,0.0,0.0,0.0,0.0,0.0,0.0
1001442,1001461,0.0,0.0,0.0,0.0,0.0,0.0
1001442,1001462,0.0,0.0,0.0,0.0,0.0,0.0
1001442,1001464,0.0,0.0,0.0,0.0,0.0,0.0
1001442,1001466,0.0,0.0,0.0,0.0,0.0,0.0
1001442,1001468,0.0,0.0,0.0,0.0,0.0,0.0
1001442,1001470,0.0,0.0,0.0,0.0,0.0,0.0
1001442,1001472,0.0,0.0,0.0,0.0,0.0,0.0
1001442,1001488,4.5,3.6,5.3999999999999995,6.75,9.9,16.2
1001442,1004354,0.0,0.0,0.0,0.0,0.0,0.0
1001442,1004355,0.0,0.0,0.0,0.0,0.0,0.0
1001442,1004356,0.0,0.0,0.0,0.0,0.0,0.0
1001444,1001400,0.0,0.0,0.0,0.0,0.0,0.0
1001444,1001402,0.0,0.0,0.0,0.0,0.0,0.0
1001444,1001404,0.0,0.0,0.0,0.0,0.0,0.0
1001444,1001406,0.0,0.0,0.0,0.0,0.0,0.0
1001444,1001408,0.0,0.0,0.0,0.0,0.0,0.0
1001444,1001410,0.0,0.0,0.0,0.0,0.0,0.0
1001444,1001412,0.0,0.0,0.0,0.0,0.0,0.0
1001444,1001414,0.0,0.0,0.0,0.0,0.0,0.0
1001444,1001416,0.0,0.0,0.0,0.0,0.0,0.0
1001444,1001418,0.0,0.0,0.0,0.0,0.0,0.0
1001444,1001420,0.0,0.0,0.0,0.0,0.0,0.0
1001444,1001422,0.0,0.0,0.0,0.0,0.0,0.0
1001444,1001424,0.0,0.0,0.0,0.0,0.0,0.0
1001444,1001426,0.0,0.0,0.0,0.0,0.0,0.0
1001444,1001428,0.0,0.0,0.0,0.0,0.0,0.0
1001444,1001430,0.0,0.0,0.0,0.0,0.0,0.0
1001444,1001432,0.0,0.0,0.0,0.0,0.0,0.0
1001444,1001434,0.0,0.0,0.0,0.0,0.0,0.0
1001444,1001436,0.0,0.0,0.0,0.0,0.0,0.0
1001444,1001437,0.0,0.0,0.0,0.0,0.0,0.0
1001444,1001438,0.0,0.0,0.0,0.0,0.0,0.0
1001444,1001440,0.0,0.0,0.0,0.0,0.0,0.0
1001444,1001442,0.0,0.0,0.0,0.0,0.0,0.0
1001444,1001446,6.6,5.28,7.919999999999999,9.899999999999999,14.52,23.759999999999998
1001444,1001448,0.0,0.0,0.0,0.0,0.0,0.0
1001444,1001450,0.0,0.0,0.0,0.0,0.0,0.0
1001444,1001452,0.0,0.0,0.0,0.0,0.0,0.0
1001444,1001454,0.0,0.0,0.0,0.0,0.0,0.0
1001444,1001456,0.0,0.0,0.0,0.0,0.0,0.0
1001444,1001458,0.0,0.0,0.0,0.0,0.0,0.0
1001444,1001460,0.0,0.0,0.0,0.0,0.0,0.0
1001444,1001461,0.0,0.0,0.0,0.0,0.0,0.0
1001444,1001462,0.0,0.0,0.0,0.0,0.0,0.0
1001444,1001464,0.0,0.0,0.0,0.0,0.0,0.0
1001444,1001466,0.0,0.0,0.0,0.0,0.0,0.0
1001444,1001468,0.0,0.0,0.0,0.0,0.0,0.0
1001444,1001470,0.0,0.0,0.0,0.0,0.0,0.0
1001444,1001472,0.0,0.0,0.0,0.0,0.0,0.0
1001444,1001488,0.0,0.0,0.0,0.0,0.0,0.0
1001444,1004354,0.0,0.0,0.0,0.0,0.0,0.0
1001444,1004355,0.7,0.5599999999999999,0.84,1.0499999999999998,1.54,2.52
1001444,1004356,0.0,0.0,0.0,0.0,0.0,0.0
1001446,1001400,0.0,0.0,0.0,0.0,0.0,0.0
1001446,1001402,0.0,0.0,0.0,0.0,0.0,0.0
1001446,1001404,0.0,0.0,0.0,0.0,0.0,0.0
1001446,1001406,0.0,0.0,0.0,0.0,0.0,0.0
1001446,1001408,0.0,0.0,0.0,0.0,0.0,0.0
1001446,1001410,0.0,0.0,0.0,0.0,0.0,0.0
1001446,1001412,0.0,0.0,0.0,0.0,0.0,0.0
1001446,1001414,0.0,0.0,0.0,0.0,0.0,0.0
1001446,1001416,0.0,0.0,0.0,0.0,0.0,0.0
1001446,1001418,0.0,0.0,0.0,0.0,0.0,0.0
1001446,1001420,0.0,0.0,0.0,0.0,0.0,0.0
1001446,1001422,0.0,0.0,0.0,0.0,0.0,0.0
1001446,1001424,0.0,0.0,0.0,0.0,0.0,0.0
1001446,1001426,0.0,0.0,0.0,0.0,0.0,0.0
1001446,1001428,0.0,0.0,0.0,0.0,0.0,0.0
1001446,1001430,0.0,0.0,0.0,0.0,0.0,0.0
1001446,1001432,0.0,0.0,0.0,0.0,0.0,0.0
1001446,1001434,0.0,0.0,0.0,0.0,0.0,0.0
1001446,1001436,0.0,0.0,0.0,0.0,0.0,0.0
1001446,1001437,0.0,0.0,0.0,0.0,0.0,0.0
1001446,1001438,0.0,0.0,0.0,0.0,0.0,0.0
1001446,1001440,0.0,0.0,0.0,0.0,0.0,0.0
1001446,1001442,0.0,0.0,0.0,0.0,0.0,0.0
1001446,1001444,6.6,5.28,7.919999999999999,9.899999999999999,14.52,23.759999999999998
1001446,1001448,9.6,7.68,11.52,14.399999999999999,21.12,34.56
1001446,1001450,0.0,0.0,0.0,0.0,0.0,0.0
1001446,1001452,0.0,0.0,0.0,0.0,0.0,0.0
1001446,1001454,0.0,0.0,0.0,0.0,0.0,0.0
1001446,1001456,0.0,0.0,0.0,0.0,0.0,0.0
1001446,1001458,0.0,0.0,0.0,0.0,0.0,0.0
1001446,1001460,0.0,0.0,0.0,0.0,0.0,0.0
1001446,1001461,0.0,0.0,0.0,0.0,0.0,0.0
1001446,1001462,0.0,0.0,0.0,0.0,0.0,0.0
1001446,1001464,0.0,0.0,0.0,0.0,0.0,0.0
1001446,1001466,0.0,0.0,0.0,0.0,0.0,0.0
1001446,1001468,0.0,0.0,0.0,0.0,0.0,0.0
1001446,1001470,0.0,0.0,0.0,0.0,0.0,0.0
1001446,1001472,0.0,0.0,0.0,0.0,0.0,0.0
1001446,1001488,0.0,0.0,0.0,0.0,0.0,0.0
1001446,1004354,0.0,0.0,0.0,0.0,0.0,0.0
1001446,1004355,0.0,0.0,0.0,0.0,0.0,0.0
1001446,1004356,0.0,0.0,0.0,0.0,0.0,0.0
1001448,1001400,0.0,0.0,0.0,0.0,0.0,0.0
1001448,1001402,0.0,0.0,0.0,0.0,0.0,0.0
1001448,1001404,0.0,0.0,0.0,0.0,0.0,0.0
1001448,1001406,0.0,0.0,0.0,0.0,0.0,0.0
1001448,1001408,0.0,0.0,0.0,0.0,0.0,0.0
1001448,1001410,0.0,0.0,0.0,0.0,0.0,0.0
1001448,1001412,0.0,0.0,0.0,0.0,0.0,0.0
1001448,1001414,0.0,0.0,0.0,0.0,0.0,0.0
1001448,1001416,0.0,0.0,0.0,0.0,0.0,0.0
1001448,1001418,0.0,0.0,0.0,0.0,0.0,0.0
1001448,1001420,0.0,0.0,0.0,0.0,0.0,0.0
1001448,1001422,0.0,0.0,0.0,0.0,0.0,0.0
1001448,1001424,0.0,0.0,0.0,0.0,0.0,0.0
1001448,1001426,0.0,0.0,0.0,0.0,0.0,0.0
1001448,1001428,0.0,0.0,0.0,0.0,0.0,0.0
1001448,1001430,0.0,0.0,0.0,0.0,0.0,0.0
1001448,1001432,0.0,0.0,0.0,0.0,0.0,0.0
1001448,1001434,0.0,0.0,0.0,0.0,0.0,0.0
1001448,1001436,0.0,0.0,0.0,0.0,0.0,0.0
1001448,1001437,0.0,0.0,0.0,0.0,0.0,0.0
1001448,1001438,0.0,0.0,0.0,0.0,0.0,0.0
1001448,1001440,0.0,0.0,0.0,0.0,0.0,0.0
1001448,1001442,0.0,0.0,0.0,0.0,0.0,0.0
1001448,1001444,0.0,0.0,0.0,0.0,0.0,0.0
1001448,1001446,9.6,7.68,11.52,14.399999999999999,21.12,34.56
1001448,1001450,15.7,12.56,18.84,23.549999999999997,34.54,56.519999999999996
1001448,1001452,0.0,0.0,0.0,0.0,0.0,0.0
1001448,1001454,0.0,0.0,0.0,0.0,0.0,0.0
1001448,1001456,0.0,0.0,0.0,0.0,0.0,0.0
1001448,1001458,0.0,0.0,0.0,0.0,0.0,0.0
1001448,1001460,0.0,0.0,0.0,0.0,0.0,0.0
1001448,1001461,0.0,0.0,0.0,0.0,0.0,0.0
1001448,1001462,0.0,0.0,0.0,0.0,0.0,0.0
1001448,1001464,0.0,0.0,0.0,0.0,0.0,0.0
1001448,1001466,0.0,0.0,0.0,0.0,0.0,0.0
1001448,1001468,0.0,0.0,0.0,0.0,0.0,0.0
1001448,1001470,0.0,0.0,0.0,0.0,0.0,0.0
1001448,1001472,0.0,0.0,0.0,0.0,0.0,0.0
1001448,1001488,0.0,0.0,0.0,0.0,0.0,0.0
1001448,1004354,0.0,0.0,0.0,0.0,0.0,0.0
1001448,1004355,0.0,0.0,0.0,0.0,0.0,0.0
1001448,1004356,0.0,0.0,0.0,0.0,0.0,0.0
1001450,1001400,0.0,0.0,0.0,0.0,0.0,0.0
1001450,1001402,0.0,0.0,0.0,0.0,0.0,0.0
1001450,1001404,0.0,0.0,0.0,0.0,0.0,0.0
1001450,1001406,0.0,0.0,0.0,0.0,0.0,0.0
1001450,1001408,0.0,0.0,0.0,0.0,0.0,0.0
1001450,1001410,0.0,0.0,0.0,0.0,0.0,0.0
1001450,1001412,0.0,0.0,0.0,0.0,0.0,0.0
1001450,1001414,0.0,0.0,0.0,0.0,0.0,0.0
1001450,1001416,0.0,0.0,0.0,0.0,0.0,0.0
1001450,1001418,0.0,0.0,0.0,0.0,0.0,0.0
1001450,1001420,0.0,0.0,0.0,0.0,0.0,0.0
1001450,1001422,0.0,0.0,0.0,0.0,0.0,0.0
1001450,1001424,0.0,0.0,0.0,0.0,0.0,0.0
1001450,1001426,0.0,0.0,0.0,0.0,0.0,0.0
1001450,1001428,0.0,0.0,0.0,0.0,0.0,0.0
1001450,1001430,0.0,0.0,0.0,0.0,0.0,0.0
1001450,1001432,0.0,0.0,0.0,0.0,0.0,0.0
1001450,1001434,0.0,0.0,0.0,0.0,0.0,0.0
1001450,1001436,0.0,0.0,0.0,0.0,0.0,0.0
1001450,1001437,0.0,0.0,0.0,0.0,0.0,0.0
1001450,1001438,0.0,0.0,0.0,0.0,0.0,0.0
1001450,1001440,0.0,0.0,0.0,0.0,0.0,0.0
1001450,1001442,0.0,0.0,0.0,0.0,0.0,0.0
1001450,1001444,0.0,0.0,0.0,0.0,0.0,0.0
1001450,1001446,0.0,0.0,0.0,0.0,0.0,0.0
1001450,1001448,15.7,12.56,18.84,23.549999999999997,34.54,56.519999999999996
1001450,1001452,9.9,7.920000000000001,11.88,14.850000000000001,21.78,35.64
1001450,1001454,0.0,0.0,0.0,0.0,0.0,0.0
1001450,1001456,0.0,0.0,0.0,0.0,0.0,0.0
1001450,1001458,0.0,0.0,0.0,0.0,0.0,0.0
1001450,1001460,0.0,0.0,0.0,0.0,0.0,0.0
1001450,1001461,0.0,0.0,0.0,0.0,0.0,0.0
1001450,1001462,0.0,0.0,0.0,0.0,0.0,0.0
1001450,1001464,0.0,0.0,0.0,0.0,0.0,0.0
1001450,1001466,0.0,0.0,0.0,0.0,0.0,0.0
1001450,1001468,0.0,0.0,0.0,0.0,0.0,0.0
1001450,1001470,0.0,0.0,0.0,0.0,0.0,0.0
1001450,1001472,0.0,0.0,0.0,0.0,0.0,0.0
1001450,1001488,0.0,0.0,0.0,0.0,0.0,0.0
1001450,1004354,0.0,0.0,0.0,0.0,0.0,0.0
1001450,1004355,0.0,0.0,0.0,0.0,0.0,0.0
1001450,1004356,0.0,0.0,0.0,0.0,0.0,0.0
1001452,1001400,0.0,0.0,0.0,0.0,0.0,0.0
1001452,1001402,0.0,0.0,0.0,0.0,0.0,0.0
1001452,1001404,0.0,0.0,0.0,0.0,0.0,0.0
1001452,1001406,0.0,0.0,0.0,0.0,0.0,0.0
1001452,1001408,0.0,0.0,0.0,0.0,0.0,0.0
1001452,1001410,0.0,0.0,0.0,0.0,0.0,0.0
1001452,1001412,0.0,0.0,0.0,0.0,0.0,0.0
1001452,1001414,0.0,0.0,0.0,0.0,0.0,0.0
1001452,1001416,0.0,0.0,0.0,0.0,0.0,0.0
1001452,1001418,0.0,0.0,0.0,0.0,0.0,0.0
1001452,1001420,0.0,0.0,0.0,0.0,0.0,0.0
1001452,1001422,0.0,0.0,0.0,0.0,0.0,0.0
1001452,1001424,0.0,0.0,0.0,0.0,0.0,0.0
1001452,1001426,0.0,0.0,0.0,0.0,0.0,0.0
1001452,1001428,0.0,0.0,0.0,0.0,0.0,0.0
1001452,1001430,0.0,0.0,0.0,0.0,0.0,0.0
1001452,1001432,0.0,0.0,0.0,0.0,0.0,0.0
1001452,1001434,0.0,0.0,0.0,0.0,0.0,0.0
1001452,1001436,0.0,0.0,0.0,0.0,0.0,0.0
1001452,1001437,0.0,0.0,0.0,0.0,0.0,0.0
1001452,1001438,0.0,0.0,0.0,0.0,0.0,0.0
1001452,1001440,0.0,0.0,0.0,0.0,0.0,0.0
1001452,1001442,0.0,0.0,0.0,0.0,0.0,0.0
1001452,1001444,0.0,0.0,0.0,0.0,0.0,0.0
1001452,1001446,0.0,0.0,0.0,0.0,0.0,0.0
1001452,1001448,0.0,0.0,0.0,0.0,0.0,0.0
1001452,1001450,9.9,7.920000000000001,11.88,14.850000000000001,21.78,35.64
1001452,1001454,11.3,9.040000000000001,13.56,16.950000000000003,24.860000000000003,40.68000000000001
1001452,1001456,0.0,0.0,0.0,0.0,0.0,0.0
1001452,1001458,0.0,0.0,0.0,0.0,0.0,0.0
1001452,1001460,0.0,0.0,0.0,0.0,0.0,0.0
1001452,1001461,0.0,0.0,0.0,0.0,0.0,0.0
1001452,1001462,0.0,0.0,0.0,0.0,0.0,0.0
1001452,1001464,0.0,0.0,0.0,0.0,0.0,0.0
1001452,1001466,0.0,0.0,0.0,0.0,0.0,0.0
1001452,1001468,0.0,0.0,0.0,0.0,0.0,0.0
1001452,1001470,0.0,0.0,0.0,0.0,0.0,0.0
1001452,1001472,0.0,0.0,0.0,0.0,0.0,0.0
1001452,1001488,0.0,0.0,0.0,0.0,0.0,0.0
1001452,1004354,0.0,0.0,0.0,0.0,0.0,0.0
1001452,1004355,0.0,0.0,0.0,0.0,0.0,0.0
1001452,1004356,0.0,0.0,0.0,0.0,0.0,0.0
1001454,1001400,0.0,0.0,0.0,0.0,0.0,0.0
1001454,1001402,0.0,0.0,0.0,0.0,0.0,0.0
1001454,1001404,0.0,0.0,0.0,0.0,0.0,0.0
1001454,1001406,0.0,0.0,0.0,0.0,0.0,0.0
1001454,1001408,0.0,0.0,0.0,0.0,0.0,0.0
1001454,1001410,0.0,0.0,0.0,0.0,0.0,0.0
1001454,1001412,0.0,0.0,0.0,0.0,0.0,0.0
1001454,1001414,0.0,0.0,0.0,0.0,0.0,0.0
1001454,1001416,0.0,0.0,0.0,0.0,0.0,0.0
1001454,1001418,0.0,0.0,0.0,0.0,0.0,0.0
1001454,1001420,0.0,0.0,0.0,0.0,0.0,0.0
1001454,1001422,0.0,0.0,0.0,0.0,0.0,0.0
1001454,1001424,0.0,0.0,0.0,0.0,0.0,0.0
1001454,1001426,0.0,0.0,0.0,0.0,0.0,0.0
1001454,1001428,0.0,0.0,0.0,0.0,0.0,0.0
1001454,1001430,0.0,0.0,0.0,0.0,0.0,0.0
1001454,1001432,0.0,0.0,0.0,0.0,0.0,0.0
1001454,1001434,0.0,0.0,0.0,0.0,0.0,0.0
1001454,1001436,0.0,0.0,0.0,0.0,0.0,0.0
1001454,1001437,0.0,0.0,0.0,0.0,0.0,0.0
1001454,1001438,0.0,0.0,0.0,0.0,0.0,0.0
1001454,1001440,0.0,0.0,0.0,0.0,0.0,0.0
1001454,1001442,0.0,0.0,0.0,0.0,0.0,0.0
1001454,1001444,0.0,0.0,0.0,0.0,0.0,0.0
1001454,1001446,0.0,0.0,0.0,0.0,0.0,0.0
1001454,1001448,0.0,0.0,0.0,0.0,0.0,0.0
1001454,1001450,0.0,0.0,0.0,0.0,0.0,0.0
1001454,1001452,11.3,9.040000000000001,13.56,16.950000000000003,24.860000000000003,40.68000000000001
1001454,1001456,13.6,10.88,16.32,20.4,29.92,48.96
1001454,1001458,0.0,0.0,0.0,0.0,0.0,0.0
1001454,1001460,0.0,0.0,0.0,0.0,0.0,0.0
1001454,1001461,0.0,0.0,0.0,0.0,0.0,0.0
1001454,1001462,0.0,0.0,0.0,0.0,0.0,0.0
1001454,1001464,0.0,0.0,0.0,0.0,0.0,0.0
1001454,1001466,0.0,0.0,0.0,0.0,0.0,0.0
1001454,1001468,0.0,0.0,0.0,0.0,0.0,0.0
1001454,1001470,0.0,0.0,0.0,0.0,0.0,0.0
1001454,1001472,0.0,0.0,0.0,0.0,0.0,0.0
1001454,1001488,0.0,0.0,0.0,0.0,0.0,0.0
1001454,1004354,0.0,0.0,0.0,0.0,0.0,0.0
1001454,1004355,0.0,0.0,0.0,0.0,0.0,0.0
1001454,1004356,0.0,0.0,0.0,0.0,0.0,0.0
1001456,1001400,0.0,0.0,0.0,0.0,0.0,0.0
1001456,1001402,0.0,0.0,0.0,0.0,0.0,0.0
1001456,1001404,0.0,0.0,0.0,0.0,0.0,0.0
1001456,1001406,0.0,0.0,0.0,0.0,0.0,0.0
1001456,1001408,0.0,0.0,0.0,0.0,0.0,0.0
1001456,1001410,0.0,0.0,0.0,0.0,0.0,0.0
1001456,1001412,0.0,0.0,0.0,0.0,0.0,0.0
1001456,1001414,0.0,0.0,0.0,0.0,0.0,0.0
1001456,1001416,0.0,0.0,0.0,0.0,0.0,0.0
1001456,1001418,0.0,0.0,0.0,0.0,0.0,0.0
1001456,1001420,0.0,0.0,0.0,0.0,0.0,0.0
1001456,1001422,0.0,0.0,0.0,0.0,0.0,0.0
1001456,1001424,0.0,0.0,0.0,0.0,0.0,0.0
1001456,1001426,0.0,0.0,0.0,0.0,0.0,0.0
1001456,1001428,0.0,0.0,0.0,0.0,0.0,0.0
1001456,1001430,0.0,0.0,0.0,0.0,0.0,0.0
1001456,1001432,0.0,0.0,0.0,0.0,0.0,0.0
1001456,1001434,0.0,0.0,0.0,0.0,0.0,0.0
1001456,1001436,0.0,0.0,0.0,0.0,0.0,0.0
1001456,1001437,0.0,0.0,0.0,0.0,0.0,0.0
1001456,1001438,0.0,0.0,0.0,0.0,0.0,0.0
1001456,1001440,0.0,0.0,0.0,0.0,0.0,0.0
1001456,1001442,0.0,0.0,0.0,0.0,0.0,0.0
1001456,1001444,0.0,0.0,0.0,0.0,0.0,0.0
1001456,1001446,0.0,0.0,0.0,0.0,0.0,0.0
1001456,1001448,0.0,0.0,0.0,0.0,0.0,0.0
1001456,1001450,0.0,0.0,0.0,0.0,0.0,0.0
1001456,1001452,0.0,0.0,0.0,0.0,0.0,0.0
1001456,1001454,13.6,10.88,16.32,20.4,29.92,48.96
1001456,1001458,8.9,7.120000000000001,10.68,13.350000000000001,19.580000000000002,32.04
1001456,1001460,0.0,0.0,0.0,0.0,0.0,0.0
1001456,1001461,0.0,0.0,0.0,0.0,0.0,0.0
1001456,1001462,0.0,0.0,0.0,0.0,0.0,0.0
1001456,1001464,0.0,0.0,0.0,0.0,0.0,0.0
1001456,1001466,0.0,0.0,0.0,0.0,0.0,0.0
1001456,1001468,0.0,0.0,0.0,0.0,0.0,0.0
1001456,1001470,0.0,0.0,0.0,0.0,0.0,0.0
1001456,1001472,0.0,0.0,0.0,0.0,0.0,0.0
1001456,1001488,0.0,0.0,0.0,0.0,0.0,0.0
1001456,1004354,0.0,0.0,0.0,0.0,0.0,0.0
1001456,1004355,0.0,0.0,0.0,0.0,0.0,0.0
1001456,1004356,0.0,0.0,0.0,0.0,0.0,0.0
1001458,1001400,0.0,0.0,0.0,0.0,0.0,0.0
1001458,1001402,0.0,0.0,0.0,0.0,0.0,0.0
1001458,1001404,0.0,0.0,0.0,0.0,0.0,0.0
1001458,1001406,0.0,0.0,0.0,0.0,0.0,0.0
1001458,1001408,0.0,0.0,0.0,0.0,0.0,0.0
1001458,1001410,0.0,0.0,0.0,0.0,0.0,0.0
1001458,1001412,0.0,0.0,0.0,0.0,0.0,0.0
1001458,1001414,0.0,0.0,0.0,0.0,0.0,0.0
1001458,1001416,0.0,0.0,0.0,0.0,0.0,0.0
1001458,1001418,0.0,0.0,0.0,0.0,0.0,0.0
1001458,1001420,0.0,0.0,0.0,0.0,0.0,0.0
1001458,1001422,0.0,0.0,0.0,0.0,0.0,0.0
1001458,1001424,0.0,0.0,0.0,0.0,0.0,0.0
1001458,1001426,0.0,0.0,0.0,0.0,0.0,0.0
1001458,1001428,0.0,0.0,0.0,0.0,0.0,0.0
1001458,1001430,0.0,0.0,0.0,0.0,0.0,0.0
1001458,1001432,0.0,0.0,0.0,0.0,0.0,0.0
1001458,1001434,0.0,0.0,0.0,0.0,0.0,0.0
1001458,1001436,0.0,0.0,0.0,0.0,0.0,0.0
1001458,1001437,0.0,0.0,0.0,0.0,0.0,0.0
1001458,1001438,0.0,0.0,0.0,0.0,0.0,0.0
1001458,1001440,0.0,0.0,0.0,0.0,0.0,0.0
1001458,1001442,0.0,0.0,0.0,0.0,0.0,0.0
1001458,1001444,0.0,0.0,0.0,0.0,0.0,0.0
1001458,1001446,0.0,0.0,0.0,0.0,0.0,0.0
1001458,1001448,0.0,0.0,0.0,0.0,0.0,0.0
1001458,1001450,0.0,0.0,0.0,0.0,0.0,0.0
1001458,1001452,0.0,0.0,0.0,0.0,0.0,0.0
1001458,1001454,0.0,0.0,0.0,0.0,0.0,0.0
1001458,1001456,8.9,7.120000000000001,10.68,13.350000000000001,19.580000000000002,32.04
1001458,1001460,5.1,4.08,6.119999999999999,7.6499999999999995,11.22,18.36
1001458,1001461,0.0,0.0,0.0,0.0,0.0,0.0
1001458,1001462,0.0,0.0,0.0,0.0,0.0,0.0
1001458,1001464,0.0,0.0,0.0,0.0,0.0,0.0
1001458,1001466,0.0,0.0,0.0,0.0,0.0,0.0
1001458,1001468,0.0,0.0,0.0,0.0,0.0,0.0
1001458,1001470,0.0,0.0,0.0,0.0,0.0,0.0
1001458,1001472,0.0,0.0,0.0,0.0,0.0,0.0
1001458,1001488,0.0,0.0,0.0,0.0,0.0,0.0
1001458,1004354,0.0,0.0,0.0,0.0,0.0,0.0
1001458,1004355,0.0,0.0,0.0,0.0,0.0,0.0
1001458,1004356,0.0,0.0,0.0,0.0,0.0,0.0
1001460,1001400,0.0,0.0,0.0,0.0,0.0,0.0
1001460,1001402,0.0,0.0,0.0,0.0,0.0,0.0
1001460,1001404,0.0,0.0,0.0,0.0,0.0,0.0
1001460,1001406,0.0,0.0,0.0,0.0,0.0,0.0
1001460,1001408,0.0,0.0,0.0,0.0,0.0,0.0
1001460,1001410,0.0,0.0,0.0,0.0,0.0,0.0
1001460,1001412,0.0,0.0,0.0,0.0,0.0,0.0
1001460,1001414,0.0,0.0,0.0,0.0,0.0,0.0
1001460,1001416,0.0,0.0,0.0,0.0,0.0,0.0
1001460,1001418,0.0,0.0,0.0,0.0,0.0,0.0
1001460,1001420,0.0,0.0,0.0,0.0,0.0,0.0
1001460,1001422,0.0,0.0,0.0,0.0,0.0,0.0
1001460,1001424,0.0,0.0,0.0,0.0,0.0,0.0
1001460,1001426,0.0,0.0,0.0,0.0,0.0,0.0
1001460,1001428,0.0,0.0,0.0,0.0,0.0,0.0
1001460,1001430,0.0,0.0,0.0,0.0,0.0,0.0
1001460,1001432,0.0,0.0,0.0,0.0,0.0,0.0
1001460,1001434,0.0,0.0,0.0,0.0,0.0,0.0
1001460,1001436,0.0,0.0,0.0,0.0,0.0,0.0
1001460,1001437,0.0,0.0,0.0,0.0,0.0,0.0
1001460,1001438,0.0,0.0,0.0,0.0,0.0,0.0
1001460,1001440,0.0,0.0,0.0,0.0,0.0,0.0
1001460,1001442,0.0,0.0,0.0,0.0,0.0,0.0
1001460,1001444,0.0,0.0,0.0,0.0,0.0,0.0
1001460,1001446,0.0,0.0,0.0,0.0,0.0,0.0
1001460,1001448,0.0,0.0,0.0,0.0,0.0,0.0
1001460,1001450,0.0,0.0,0.0,0.0,0.0,0.0
1001460,1001452,0.0,0.0,0.0,0.0,0.0,0.0
1001460,1001454,0.0,0.0,0.0,0.0,0.0,0.0
1001460,1001456,0.0,0.0,0.0,0.0,0.0,0.0
1001460,1001458,5.1,4.08,6.119999999999999,7.6499999999999995,11.22,18.36
1001460,1001461,12.8,10.240000000000002,15.36,19.200000000000003,28.160000000000004,46.080000000000005
1001460,1001462,17.9,14.32,21.479999999999997,26.849999999999998,39.38,64.44
1001460,1001464,0.0,0.0,0.0,0.0,0.0,0.0
1001460,1001466,0.0,0.0,0.0,0.0,0.0,0.0
1001460,1001468,0.0,0.0,0.0,0.0,0.0,0.0
1001460,1001470,0.0,0.0,0.0,0.0,0.0,0.0
1001460,1001472,0.0,0.0,0.0,0.0,0.0,0.0
1001460,1001488,0.0,0.0,0.0,0.0,0.0,0.0
1001460,1004354,0.0,0.0,0.0,0.0,0.0,0.0
1001460,1004355,0.0,0.0,0.0,0.0,0.0,0.0
1001460,1004356,0.0,0.0,0.0,0.0,0.0,0.0
1001461,1001400,0.0,0.0,0.0,0.0,0.0,0.0
1001461,1001402,0.0,0.0,0.0,0.0,0.0,0.0
1001461,1001404,0.0,0.0,0.0,0.0,0.0,0.0
1001461,1001406,0.0,0.0,0.0,0.0,0.0,0.0
1001461,1001408,0.0,0.0,0.0,0.0,0.0,0.0
1001461,1001410,0.0,0.0,0.0,0.0,0.0,0.0
1001461,1001412,0.0,0.0,0.0,0.0,0.0,0.0
1001461,1001414,0.0,0.0,0.0,0.0,0.0,0.0
1001461,1001416,0.0,0.0,0.0,0.0,0.0,0.0
1001461,1001418,0.0,0.0,0.0,0.0,0.0,0.0
1001461,1001420,0.0,0.0,0.0,0.0,0.0,0.0
1001461,1001422,0.0,0.0,0.0,0.0,0.0,0.0
1001461,1001424,0.0,0.0,0.0,0.0,0.0,0.0
1001461,1001426,0.0,0.0,0.0,0.0,0.0,0.0
1001461,1001428,0.0,0.0,0.0,0.0,0.0,0.0
1001461,1001430,0.0,0.0,0.0,0.0,0.0,0.0
1001461,1001432,0.0,0.0,0.0,0.0,0.0,0.0
1001461,1001434,0.0,0.0,0.0,0.0,0.0,0.0
1001461,1001436,0.0,0.0,0.0,0.0,0.0,0.0
1001461,1001437,0.0,0.0,0.0,0.0,0.0,0.0
1001461,1001438,0.0,0.0,0.0,0.0,0.0,0.0
1001461,1001440,0.0,0.0,0.0,0.0,0.0,0.0
1001461,1001442,0.0,0.0,0.0,0.0,0.0,0.0
1001461,1001444,0.0,0.0,0.0,0.0,0.0,0.0
1001461,1001446,0.0,0.0,0.0,0.0,0.0,0.0
1001461,1001448,0.0,0.0,0.0,0.0,0.0,0.0
1001461,1001450,0.0,0.0,0.0,0.0,0.0,0.0
1001461,1001452,0.0,0.0,0.0,0.0,0.0,0.0
1001461,1001454,0.0,0.0,0.0,0.0,0.0,0.0
1001461,1001456,0.0,0.0,0.0,0.0,0.0,0.0
1001461,1001458,0.0,0.0,0.0,0.0,0.0,0.0
1001461,1001460,12.8,10.240000000000002,15.36,19.200000000000003,28.160000000000004,46.080000000000005
1001461,1001462,5.1,4.08,6.119999999999999,7.6499999999999995,11.22,18.36
1001461,1001464,0.0,0.0,0.0,0.0,0.0,0.0
1001461,1001466,0.0,0.0,0.0,0.0,0.0,0.0
1001461,1001468,0.0,0.0,0.0,0.0,0.0,0.0
1001461,1001470,0.0,0.0,0.0,0.0,0.0,0.0
1001461,1001472,0.0,0.0,0.0,0.0,0.0,0.0
1001461,1001488,0.0,0.0,0.0,0.0,0.0,0.0
1001461,1004354,0.0,0.0,0.0,0.0,0.0,0.0
1001461,1004355,0.0,0.0,0.0,0.0,0.0,0.0
1001461,1004356,0.0,0.0,0.0,0.0,0.0,0.0
1001462,1001400,0.0,0.0,0.0,0.0,0.0,0.0
1001462,1001402,0.0,0.0,0.0,0.0,0.0,0.0
1001462,1001404,0.0,0.0,0.0,0.0,0.0,0.0
1001462,1001406,0.0,0.0,0.0,0.0,0.0,0.0
1001462,1001408,0.0,0.0,0.0,0.0,0.0,0.0
1001462,1001410,0.0,0.0,0.0,0.0,0.0,0.0
1001462,1001412,0.0,0.0,0.0,0.0,0.0,0.0
1001462,1001414,0.0,0.0,0.0,0.0,0.0,0.0
1001462,1001416,0.0,0.0,0.0,0.0,0.0,0.0
1001462,1001418,0.0,0.0,0.0,0.0,0.0,0.0
1001462,1001420,0.0,0.0,0.0,0.0,0.0,0.0
1001462,1001422,0.0,0.0,0.0,0.0,0.0,0.0
1001462,1001424,0.0,0.0,0.0,0.0,0.0,0.0
1001462,1001426,0.0,0.0,0.0,0.0,0.0,0.0
1001462,1001428,0.0,0.0,0.0,0.0,0.0,0.0
1001462,1001430,0.0,0.0,0.0,0.0,0.0,0.0
1001462,1001432,0.0,0.0,0.0,0.0,0.0,0.0
1001462,1001434,0.0,0.0,0.0,0.0,0.0,0.0
1001462,1001436,0.0,0.0,0.0,0.0,0.0,0.0
1001462,1001437,0.0,0.0,0.0,0.0,0.0,0.0
1001462,1001438,0.0,0.0,0.0,0.0,0.0,0.0
1001462,1001440,0.0,0.0,0.0,0.0,0.0,0.0
1001462,1001442,0.0,0.0,0.0,0.0,0.0,0.0
1001462,1001444,0.0,0.0,0.0,0.0,0.0,0.0
1001462,1001446,0.0,0.0,0.0,0.0,0.0,0.0
1001462,1001448,0.0,0.0,0.0,0.0,0.0,0.0
1001462,1001450,0.0,0.0,0.0,0.0,0.0,0.0
1001462,1001452,0.0,0.0,0.0,0.0,0.0,0.0
1001462,1001454,0.0,0.0,0.0,0.0,0.0,0.0
1001462,1001456,0.0,0.0,0.0,0.0,0.0,0.0
1001462,1001458,0.0,0.0,0.0,0.0,0.0,0.0
1001462,1001460,17.9,14.32,21.479999999999997,26.849999999999998,39.38,64.44
1001462,1001461,5.1,4.08,6.119999999999999,7.6499999999999995,11.22,18.36
1001462,1001464,26.7,21.36,32.04,40.05,58.74,96.12
1001462,1001466,0.0,0.0,0.0,0.0,0.0,0.0
1001462,1001468,0.0,0.0,0.0,0.0,0.0,0.0
1001462,1001470,0.0,0.0,0.0,0.0,0.0,0.0
1001462,1001472,0.0,0.0,0.0,0.0,0.0,0.0
1001462,1001488,0.0,0.0,0.0,0.0,0.0,0.0
1001462,1004354,0.0,0.0,0.0,0.0,0.0,0.0
1001462,1004355,0.0,0.0,0.0,0.0,0.0,0.0
1001462,1004356,0.0,0.0,0.0,0.0,0.0,0.0
1001464,1001400,0.0,0.0,0.0,0.0,0.0,0.0
1001464,1001402,0.0,0.0,0.0,0.0,0.0,0.0
1001464,1001404,0.0,0.0,0.0,0.0,0.0,0.0
1001464,1001406,0.0,0.0,0.0,0.0,0.0,0.0
1001464,1001408,0.0,0.0,0.0,0.0,0.0,0.0
1001464,1001410,0.0,0.0,0.0,0.0,0.0,0.0
1001464,1001412,0.0,0.0,0.0,0.0,0.0,0.0
1001464,1001414,0.0,0.0,0.0,0.0,0.0,0.0
1001464,1001416,0.0,0.0,0.0,0.0,0.0,0.0
1001464,1001418,0.0,0.0,0.0,0.0,0.0,0.0
1001464,1001420,0.0,0.0,0.0,0.0,0.0,0.0
1001464,1001422,0.0,0.0,0.0,0.0,0.0,0.0
1001464,1001424,0.0,0.0,0.0,0.0,0.0,0.0
1001464,1001426,0.0,0.0,0.0,0.0,0.0,0.0
1001464,1001428,0.0,0.0,0.0,0.0,0.0,0.0
1001464,1001430,0.0,0.0,0.0,0.0,0.0,0.0
1001464,1001432,0.0,0.0,0.0,0.0,0.0,0.0
1001464,1001434,0.0,0.0,0.0,0.0,0.0,0.0
1001464,1001436,0.0,0.0,0.0,0.0,0.0,0.0
1001464,1001437,0.0,0.0,0.0,0.0,0.0,0.0
1001464,1001438,0.0,0.0,0.0,0.0,0.0,0.0
1001464,1001440,0.0,0.0,0.0,0.0,0.0,0.0
1001464,1001442,0.0,0.0,0.0,0.0,0.0,0.0
1001464,1001444,0.0,0.0,0.0,0.0,0.0,0.0
1001464,1001446,0.0,0.0,0.0,0.0,0.0,0.0
1001464,1001448,0.0,0.0,0.0,0.0,0.0,0.0
1001464,1001450,0.0,0.0,0.0,0.0,0.0,0.0
1001464,1001452,0.0,0.0,0.0,0.0,0.0,0.0
1001464,1001454,0.0,0.0,0.0,0.0,0.0,0.0
1001464,1001456,0.0,0.0,0.0,0.0,0.0,0.0
1001464,1001458,0.0,0.0,0.0,0.0,0.0,0.0
1001464,1001460,0.0,0.0,0.0,0.0,0.0,0.0
1001464,1001461,0.0,0.0,0.0,0.0,0.0,0.0
1001464,1001462,26.7,21.36,32.04,40.05,58.74,96.12
1001464,1001466,8.5,6.800000000000001,10.2,12.75,18.700000000000003,30.6
1001464,1001468,0.0,0.0,0.0,0.0,0.0,0.0
1001464,1001470,0.0,0.0,0.0,0.0,0.0,0.0
1001464,1001472,0.0,0.0,0.0,0.0,0.0,0.0
1001464,1001488,0.0,0.0,0.0,0.0,0.0,0.0
1001464,1004354,0.0,0.0,0.0,0.0,0.0,0.0
1001464,1004355,0.0,0.0,0.0,0.0,0.0,0.0
1001464,1004356,0.0,0.0,0.0,0.0,0.0,0.0
1001466,1001400,0.0,0.0,0.0,0.0,0.0,0.0
1001466,1001402,0.0,0.0,0.0,0.0,0.0,0.0
1001466,1001404,0.0,0.0,0.0,0.0,0.0,0.0
1001466,1001406,0.0,0.0,0.0,0.0,0.0,0.0
1001466,1001408,0.0,0.0,0.0,0.0,0.0,0.0
1001466,1001410,0.0,0.0,0.0,0.0,0.0,0.0
1001466,1001412,0.0,0.0,0.0,0.0,0.0,0.0
1001466,1001414,0.0,0.0,0.0,0.0,0.0,0.0
1001466,1001416,0.0,0.0,0.0,0.0,0.0,0.0
1001466,1001418,0.0,0.0,0.0,0.0,0.0,0.0
1001466,1001420,0.0,0.0,0.0,0.0,0.0,0.0
1001466,1001422,0.0,0.0,0.0,0.0,0.0,0.0
1001466,1001424,0.0,0.0,0.0,0.0,0.0,0.0
1001466,1001426,0.0,0.0,0.0,0.0,0.0,0.0
1001466,1001428,0.0,0.0,0.0,0.0,0.0,0.0
1001466,1001430,0.0,0.0,0.0,0.0,0.0,0.0
1001466,1001432,0.0,0.0,0.0,0.0,0.0,0.0
1001466,1001434,0.0,0.0,0.0,0.0,0.0,0.0
1001466,1001436,0.0,0.0,0.0,0.0,0.0,0.0
1001466,1001437,0.0,0.0,0.0,0.0,0.0,0.0
1001466,1001438,0.0,0.0,0.0,0.0,0.0,0.0
1001466,1001440,0.0,0.0,0.0,0.0,0.0,0.0
1001466,1001442,0.0,0.0,0.0,0.0,0.0,0.0
1001466,1001444,0.0,0.0,0.0,0.0,0.0,0.0
1001466,1001446,0.0,0.0,0.0,0.0,0.0,0.0
1001466,1001448,0.0,0.0,0.0,0.0,0.0,0.0
1001466,1001450,0.0,0.0,0.0,0.0,0.0,0.0
1001466,1001452,0.0,0.0,0.0,0.0,0.0,0.0
1001466,1001454,0.0,0.0,0.0,0.0,0.0,0.0
1001466,1001456,0.0,0.0,0.0,0.0,0.0,0.0
1001466,1001458,0.0,0.0,0.0,0.0,0.0,0.0
1001466,1001460,0.0,0.0,0.0,0.0,0.0,0.0
1001466,1001461,0.0,0.0,0.0,0.0,0.0,0.0
1001466,1001462,0.0,0.0,0.0,0.0,0.0,0.0
1001466,1001464,8.5,6.800000000000001,10.2,12.75,18.700000000000003,30.6
1001466,1001468,10.7,8.56,12.839999999999998,16.049999999999997,23.54,38.519999999999996
1001466,1001470,0.0,0.0,0.0,0.0,0.0,0.0
1001466,1001472,0.0,0.0,0.0,0.0,0.0,0.0
1001466,1001488,0.0,0.0,0.0,0.0,0.0,0.0
1001466,1004354,0.0,0.0,0.0,0.0,0.0,0.0
1001466,1004355,0.0,0.0,0.0,0.0,0.0,0.0
1001466,1004356,0.0,0.0,0.0,0.0,0.0,0.0
1001468,1001400,0.0,0.0,0.0,0.0,0.0,0.0
1001468,1001402,0.0,0.0,0.0,0.0,0.0,0.0
1001468,1001404,0.0,0.0,0.0,0.0,0.0,0.0
1001468,1001406,0.0,0.0,0.0,0.0,0.0,0.0
1001468,1001408,0.0,0.0,0.0,0.0,0.0,0.0
1001468,1001410,0.0,0.0,0.0,0.0,0.0,0.0
1001468,1001412,0.0,0.0,0.0,0.0,0.0,0.0
1001468,1001414,0.0,0.0,0.0,0.0,0.0,0.0
1001468,1001416,0.0,0.0,0.0,0.0,0.0,0.0
1001468,1001418,0.0,0.0,0.0,0.0,0.0,0.0
1001468,1001420,0.0,0.0,0.0,0.0,0.0,0.0
1001468,1001422,0.0,0.0,0.0,0.0,0.0,0.0
1001468,1001424,0.0,0.0,0.0,0.0,0.0,0.0
1001468,1001426,0.0,0.0,0.0,0.0,0.0,0.0
1001468,1001428,0.0,0.0,0.0,0.0,0.0,0.0
1001468,1001430,0.0,0.0,0.0,0.0,0.0,0.0
1001468,1001432,0.0,0.0,0.0,0.0,0.0,0.0
1001468,1001434,0.0,0.0,0.0,0.0,0.0,0.0
1001468,1001436,0.0,0.0,0.0,0.0,0.0,0.0
1001468,1001437,0.0,0.0,0.0,0.0,0.0,0.0
1001468,1001438,0.0,0.0,0.0,0.0,0.0,0.0
1001468,1001440,0.0,0.0,0.0,0.0,0.0,0.0
1001468,1001442,0.0,0.0,0.0,0.0,0.0,0.0
1001468,1001444,0.0,0.0,0.0,0.0,0.0,0.0
1001468,1001446,0.0,0.0,0.0,0.0,0.0,0.0
1001468,1001448,0.0,0.0,0.0,0.0,0.0,0.0
1001468,1001450,0.0,0.0,0.0,0.0,0.0,0.0
1001468,1001452,0.0,0.0,0.0,0.0,0.0,0.0
1001468,1001454,0.0,0.0,0.0,0.0,0.0,0.0
1001468,1001456,0.0,0.0,0.0,0.0,0.0,0.0
1001468,1001458,0.0,0.0,0.0,0.0,0.0,0.0
1001468,1001460,0.0,0.0,0.0,0.0,0.0,0.0
1001468,1001461,0.0,0.0,0.0,0.0,0.0,0.0
1001468,1001462,0.0,0.0,0.0,0.0,0.0,0.0
1001468,1001464,0.0,0.0,0.0,0.0,0.0,0.0
1001468,1001466,10.7,8.56,12.839999999999998,16.049999999999997,23.54,38.519999999999996
1001468,1001470,10.6,8.48,12.719999999999999,15.899999999999999,23.32,38.16
1001468,1001472,0.0,0.0,0.0,0.0,0.0,0.0
1001468,1001488,0.0,0.0,0.0,0.0,0.0,0.0
1001468,1004354,0.0,0.0,0.0,0.0,0.0,0.0
1001468,1004355,0.0,0.0,0.0,0.0,0.0,0.0
1001468,1004356,0.0,0.0,0.0,0.0,0.0,0.0
1001470,1001400,0.0,0.0,0.0,0.0,0.0,0.0
1001470,1001402,0.0,0.0,0.0,0.0,0.0,0.0
1001470,1001404,0.0,0.0,0.0,0.0,0.0,0.0
1001470,1001406,0.0,0.0,0.0,0.0,0.0,0.0
1001470,1001408,0.0,0.0,0.0,0.0,0.0,0.0
1001470,1001410,0.0,0.0,0.0,0.0,0.0,0.0
1001470,1001412,0.0,0.0,0.0,0.0,0.0,0.0
1001470,1001414,0.0,0.0,0.0,0.0,0.0,0.0
1001470,1001416,0.0,0.0,0.0,0.0,0.0,0.0
1001470,1001418,0.0,0.0,0.0,0.0,0.0,0.0
1001470,1001420,0.0,0.0,0.0,0.0,0.0,0.0
1001470,1001422,0.0,0.0,0.0,0.0,0.0,0.0
1001470,1001424,0.0,0.0,0.0,0.0,0.0,0.0
1001470,1001426,0.0,0.0,0.0,0.0,0.0,0.0
1001470,1001428,0.0,0.0,0.0,0.0,0.0,0.0
1001470,1001430,0.0,0.0,0.0,0.0,0.0,0.0
1001470,1001432,0.0,0.0,0.0,0.0,0.0,0.0
1001470,1001434,0.0,0.0,0.0,0.0,0.0,0.0
1001470,1001436,0.0,0.0,0.0,0.0,0.0,0.0
1001470,1001437,0.0,0.0,0.0,0.0,0.0,0.0
1001470,1001438,0.0,0.0,0.0,0.0,0.0,0.0
1001470,1001440,0.0,0.0,0.0,0.0,0.0,0.0
1001470,1001442,0.0,0.0,0.0,0.0,0.0,0.0
1001470,1001444,0.0,0.0,0.0,0.0,0.0,0.0
1001470,1001446,0.0,0.0,0.0,0.0,0.0,0.0
1001470,1001448,0.0,0.0,0.0,0.0,0.0,0.0
1001470,1001450,0.0,0.0,0.0,0.0,0.0,0.0
1001470,1001452,0.0,0.0,0.0,0.0,0.0,0.0
1001470,1001454,0.0,0.0,0.0,0.0,0.0,0.0
1001470,1001456,0.0,0.0,0.0,0.0,0.0,0.0
1001470,1001458,0.0,0.0,0.0,0.0,0.0,0.0
1001470,1001460,0.0,0.0,0.0,0.0,0.0,0.0
1001470,1001461,0.0,0.0,0.0,0.0,0.0,0.0
1001470,1001462,0.0,0.0,0.0,0.0,0.0,0.0
1001470,1001464,0.0,0.0,0.0,0.0,0.0,0.0
1001470,1001466,0.0,0.0,0.0,0.0,0.0,0.0
1001470,1001468,10.6,8.48,12.719999999999999,15.899999999999999,23.32,38.16
1001470,1001472,16.0,12.8,19.2,24.0,35.2,57.6
1001470,1001488,0.0,0.0,0.0,0.0,0.0,0.0
1001470,1004354,0.0,0.0,0.0,0.0,0.0,0.0
1001470,1004355,0.0,0.0,0.0,0.0,0.0,0.0
1001470,1004356,0.0,0.0,0.0,0.0,0.0,0.0
1001472,1001400,0.0,0.0,0.0,0.0,0.0,0.0
1001472,1001402,0.0,0.0,0.0,0.0,0.0,0.0
1001472,1001404,0.0,0.0,0.0,0.0,0.0,0.0
1001472,1001406,0.0,0.0,0.0,0.0,0.0,0.0
1001472,1001408,0.0,0.0,0.0,0.0,0.0,0.0
1001472,1001410,0.0,0.0,0.0,0.0,0.0,0.0
1001472,1001412,0.0,0.0,0.0,0.0,0.0,0.0
1001472,1001414,0.0,0.0,0.0,0.0,0.0,0.0
1001472,1001416,0.0,0.0,0.0,0.0,0.0,0.0
1001472,1001418,0.0,0.0,0.0,0.0,0.0,0.0
1001472,1001420,0.0,0.0,0.0,0.0,0.0,0.0
1001472,1001422,0.0,0.0,0.0,0.0,0.0,0.0
1001472,1001424,0.0,0.0,0.0,0.0,0.0,0.0
1001472,1001426,0.0,0.0,0.0,0.0,0.0,0.0
1001472,1001428,0.0,0.0,0.0,0.0,0.0,0.0
1001472,1001430,0.0,0.0,0.0,0.0,0.0,0.0
1001472,1001432,0.0,0.0,0.0,0.0,0.0,0.0
1001472,1001434,0.0,0.0,0.0,0.0,0.0,0.0
1001472,1001436,0.0,0.0,0.0,0.0,0.0,0.0
1001472,1001437,0.0,0.0,0.0,0.0,0.0,0.0
1001472,1001438,0.0,0.0,0.0,0.0,0.0,0.0
1001472,1001440,0.0,0.0,0.0,0.0,0.0,0.0
1001472,1001442,0.0,0.0,0.0,0.0,0.0,0.0
1001472,1001444,0.0,0.0,0.0,0.0,0.0,0.0
1001472,1001446,0.0,0.0,0.0,0.0,0.0,0.0
1001472,1001448,0.0,0.0,0.0,0.0,0.0,0.0
1001472,1001450,0.0,0.0,0.0,0.0,0.0,0.0
1001472,1001452,0.0,0.0,0.0,0.0,0.0,0.0
1001472,1001454,0.0,0.0,0.0,0.0,0.0,0.0
1001472,1001456,0.0,0.0,0.0,0.0,0.0,0.0
1001472,1001458,0.0,0.0,0.0,0.0,0.0,0.0
1001472,1001460,0.0,0.0,0.0,0.0,0.0,0.0
1001472,1001461,0.0,0.0,0.0,0.0,0.0,0.0
1001472,1001462,0.0,0.0,0.0,0.0,0.0,0.0
1001472,1001464,0.0,0.0,0.0,0.0,0.0,0.0
1001472,1001466,0.0,0.0,0.0,0.0,0.0,0.0
1001472,1001468,0.0,0.0,0.0,0.0,0.0,0.0
1001472,1001470,16.0,12.8,19.2,24.0,35.2,57.6
1001472,1001488,0.0,0.0,0.0,0.0,0.0,0.0
1001472,1004354,0.0,0.0,0.0,0.0,0.0,0.0
1001472,1004355,0.0,0.0,0.0,0.0,0.0,0.0
1001472,1004356,0.0,0.0,0.0,0.0,0.0,0.0
1001488,1001400,0.0,0.0,0.0,0.0,0.0,0.0
1001488,1001402,0.0,0.0,0.0,0.0,0.0,0.0
1001488,1001404,0.0,0.0,0.0,0.0,0.0,0.0
1001488,1001406,0.0,0.0,0.0,0.0,0.0,0.0
1001488,1001408,0.0,0.0,0.0,0.0,0.0,0.0
1001488,1001410,0.0,0.0,0.0,0.0,0.0,0.0
1001488,1001412,0.0,0.0,0.0,0.0,0.0,0.0
1001488,1001414,0.0,0.0,0.0,0.0,0.0,0.0
1001488,1001416,0.0,0.0,0.0,0.0,0.0,0.0
1001488,1001418,0.0,0.0,0.0,0.0,0.0,0.0
1001488,1001420,0.0,0.0,0.0,0.0,0.0,0.0
1001488,1001422,0.0,0.0,0.0,0.0,0.0,0.0
1001488,1001424,0.0,0.0,0.0,0.0,0.0,0.0
1001488,1001426,0.0,0.0,0.0,0.0,0.0,0.0
1001488,1001428,0.0,0.0,0.0,0.0,0.0,0.0
1001488,1001430,0.0,0.0,0.0,0.0,0.0,0.0
1001488,1001432,0.0,0.0,0.0,0.0,0.0,0.0
1001488,1001434,0.0,0.0,0.0,0.0,0.0,0.0
1001488,1001436,0.0,0.0,0.0,0.0,0.0,0.0
1001488,1001437,0.0,0.0,0.0,0.0,0.0,0.0
1001488,1001438,0.0,0.0,0.0,0.0,0.0,0.0
1001488,1001440,0.0,0.0,0.0,0.0,0.0,0.0
1001488,1001442,4.5,3.6,5.3999999999999995,6.75,9.9,16.2
1001488,1001444,0.0,0.0,0.0,0.0,0.0,0.0
1001488,1001446,0.0,0.0,0.0,0.0,0.0,0.0
1001488,1001448,0.0,0.0,0.0,0.0,0.0,0.0
1001488,1001450,0.0,0.0,0.0,0.0,0.0,0.0
1001488,1001452,0.0,0.0,0.0,0.0,0.0,0.0
1001488,1001454,0.0,0.0,0.0,0.0,0.0,0.0
1001488,1001456,0.0,0.0,0.0,0.0,0.0,0.0
1001488,1001458,0.0,0.0,0.0,0.0,0.0,0.0
1001488,1001460,0.0,0.0,0.0,0.0,0.0,0.0
1001488,1001461,0.0,0.0,0.0,0.0,0.0,0.0
1001488,1001462,0.0,0.0,0.0,0.0,0.0,0.0
1001488,1001464,0.0,0.0,0.0,0.0,0.0,0.0
1001488,1001466,0.0,0.0,0.0,0.0,0.0,0.0
1001488,1001468,0.0,0.0,0.0,0.0,0.0,0.0
1001488,1001470,0.0,0.0,0.0,0.0,0.0,0.0
1001488,1001472,0.0,0.0,0.0,0.0,0.0,0.0
1001488,1004354,0.0,0.0,0.0,0.0,0.0,0.0
1001488,1004355,0.0,0.0,0.0,0.0,0.0,0.0
1001488,1004356,4.0,3.2,4.8,6.0,8.8,14.4
1004354,1001400,0.0,0.0,0.0,0.0,0.0,0.0
1004354,1001402,0.0,0.0,0.0,0.0,0.0,0.0
1004354,1001404,0.0,0.0,0.0,0.0,0.0,0.0
1004354,1001406,0.0,0.0,0.0,0.0,0.0,0.0
1004354,1001408,0.0,0.0,0.0,0.0,0.0,0.0
1004354,1001410,0.0,0.0,0.0,0.0,0.0,0.0
1004354,1001412,0.0,0.0,0.0,0.0,0.0,0.0
1004354,1001414,0.0,0.0,0.0,0.0,0.0,0.0
1004354,1001416,0.0,0.0,0.0,0.0,0.0,0.0
1004354,1001418,0.0,0.0,0.0,0.0,0.0,0.0
1004354,1001420,0.0,0.0,0.0,0.0,0.0,0.0
1004354,1001422,0.0,0.0,0.0,0.0,0.0,0.0
1004354,1001424,0.0,0.0,0.0,0.0,0.0,0.0
1004354,1001426,0.0,0.0,0.0,0.0,0.0,0.0
1004354,1001428,0.0,0.0,0.0,0.0,0.0,0.0
1004354,1001430,0.0,0.0,0.0,0.0,0.0,0.0
1004354,1001432,0.0,0.0,0.0,0.0,0.0,0.0
1004354,1001434,0.0,0.0,0.0,0.0,0.0,0.0
1004354,1001436,0.0,0.0,0.0,0.0,0.0,0.0
1004354,1001437,0.0,0.0,0.0,0.0,0.0,0.0
1004354,1001438,0.0,0.0,0.0,0.0,0.0,0.0
1004354,1001440,0.0,0.0,0.0,0.0,0.0,0.0
1004354,1001442,0.0,0.0,0.0,0.0,0.0,0.0
1004354,1001444,0.0,0.0,0.0,0.0,0.0,0.0
1004354,1001446,0.0,0.0,0.0,0.0,0.0,0.0
1004354,1001448,0.0,0.0,0.0,0.0,0.0,0.0
1004354,1001450,0.0,0.0,0.0,0.0,0.0,0.0
1004354,1001452,0.0,0.0,0.0,0.0,0.0,0.0
1004354,1001454,0.0,0.0,0.0,0.0,0.0,0.0
1004354,1001456,0.0,0.0,0.0,0.0,0.0,0.0
1004354,1001458,0.0,0.0,0.0,0.0,0.0,0.0
1004354,1001460,0.0,0.0,0.0,0.0,0.0,0.0
1004354,1001461,0.0,0.0,0.0,0.0,0.0,0.0
1004354,1001462,0.0,0.0,0.0,0.0,0.0,0.0
1004354,1001464,0.0,0.0,0.0,0.0,0.0,0.0
1004354,1001466,0.0,0.0,0.0,0.0,0.0,0.0
1004354,1001468,0.0,0.0,0.0,0.0,0.0,0.0
1004354,1001470,0.0,0.0,0.0,0.0,0.0,0.0
1004354,1001472,0.0,0.0,0.0,0.0,0.0,0.0
1004354,1001488,0.0,0.0,0.0,0.0,0.0,0.0
1004354,1004355,2.0,1.6,2.4,3.0,4.4,7.2
1004354,1004356,2.0,1.6,2.4,3.0,4.4,7.2
1004355,1001400,0.0,0.0,0.0,0.0,0.0,0.0
1004355,1001402,0.0,0.0,0.0,0.0,0.0,0.0
1004355,1001404,0.0,0.0,0.0,0.0,0.0,0.0
1004355,1001406,0.0,0.0,0.0,0.0,0.0,0.0
1004355,1001408,0.0,0.0,0.0,0.0,0.0,0.0
1004355,1001410,0.0,0.0,0.0,0.0,0.0,0.0
1004355,1001412,0.0,0.0,0.0,0.0,0.0,0.0
1004355,1001414,0.0,0.0,0.0,0.0,0.0,0.0
1004355,1001416,0.0,0.0,0.0,0.0,0.0,0.0
1004355,1001418,0.0,0.0,0.0,0.0,0.0,0.0
1004355,1001420,0.0,0.0,0.0,0.0,0.0,0.0
1004355,1001422,0.0,0.0,0.0,0.0,0.0,0.0
1004355,1001424,0.0,0.0,0.0,0.0,0.0,0.0
1004355,1001426,0.0,0.0,0.0,0.0,0.0,0.0
1004355,1001428,0.0,0.0,0.0,0.0,0.0,0.0
1004355,1001430,0.0,0.0,0.0,0.0,0.0,0.0
1004355,1001432,0.0,0.0,0.0,0.0,0.0,0.0
1004355,1001434,0.0,0.0,0.0,0.0,0.0,0.0
1004355,1001436,0.0,0.0,0.0,0.0,0.0,0.0
1004355,1001437,0.0,0.0,0.0,0.0,0.0,0.0
1004355,1001438,0.0,0.0,0.0,0.0,0.0,0.0
1004355,1001440,0.0,0.0,0.0,0.0,0.0,0.0
1004355,1001442,0.0,0.0,0.0,0.0,0.0,0.0
1004355,1001444,0.7,0.5599999999999999,0.84,1.0499999999999998,1.54,2.52
1004355,1001446,0.0,0.0,0.0,0.0,0.0,0.0
1004355,1001448,0.0,0.0,0.0,0.0,0.0,0.0
1004355,1001450,0.0,0.0,0.0,0.0,0.0,0.0
1004355,1001452,0.0,0.0,0.0,0.0,0.0,0.0
1004355,1001454,0.0,0.0,0.0,0.0,0.0,0.0
1004355,1001456,0.0,0.0,0.0,0.0,0.0,0.0
1004355,1001458,0.0,0.0,0.0,0.0,0.0,0.0
1004355,1001460,0.0,0.0,0.0,0.0,0.0,0.0
1004355,1001461,0.0,0.0,0.0,0.0,0.0,0.0
1004355,1001462,0.0,0.0,0.0,0.0,0.0,0.0
1004355,1001464,0.0,0.0,0.0,0.0,0.0,0.0
1004355,1001466,0.0,0.0,0.0,0.0,0.0,0.0
1004355,1001468,0.0,0.0,0.0,0.0,0.0,0.0
1004355,1001470,0.0,0.0,0.0,0.0,0.0,0.0
1004355,1001472,0.0,0.0,0.0,0.0,0.0,0.0
1004355,1001488,0.0,0.0,0.0,0.0,0.0,0.0
1004355,1004354,2.0,1.6,2.4,3.0,4.4,7.2
1004355,1004356,0.0,0.0,0.0,0.0,0.0,0.0
1004356,1001400,0.0,0.0,0.0,0.0,0.0,0.0
1004356,1001402,0.0,0.0,0.0,0.0,0.0,0.0
1004356,1001404,0.0,0.0,0.0,0.0,0.0,0.0
1004356,1001406,0.0,0.0,0.0,0.0,0.0,0.0
1004356,1001408,0.0,0.0,0.0,0.0,0.0,0.0
1004356,1001410,0.0,0.0,0.0,0.0,0.0,0.0
1004356,1001412,0.0,0.0,0.0,0.0,0.0,0.0
1004356,1001414,0.0,0.0,0.0,0.0,0.0,0.0
1004356,1001416,0.0,0.0,0.0,0.0,0.0,0.0
1004356,1001418,0.0,0.0,0.0,0.0,0.0,0.0
1004356,1001420,0.0,0.0,0.0,0.0,0.0,0.0
1004356,1001422,0.0,0.0,0.0,0.0,0.0,0.0
1004356,1001424,0.0,0.0,0.0,0.0,0.0,0.0
1004356,1001426,0.0,0.0,0.0,0.0,0.0,0.0
1004356,1001428,0.0,0.0,0.0,0.0,0.0,0.0
1004356,1001430,0.0,0.0,0.0,0.0,0.0,0.0
1004356,1001432,0.0,0.0,0.0,0.0,0.0,0.0
1004356,1001434,0.0,0.0,0.0,0.0,0.0,0.0
1004356,1001436,0.0,0.0,0.0,0.0,0.0,0.0
1004356,1001437,0.0,0.0,0.0,0.0,0.0,0.0
1004356,1001438,0.0,0.0,0.0,0.0,0.0,0.0
1004356,1001440,0.0,0.0,0.0,0.0,0.0,0.0
1004356,1001442,0.0,0.0,0.0,0.0,0.0,0.0
1004356,1001444,0.0,0.0,0.0,0.0,0.0,0.0
1004356,1001446,0.0,0.0,0.0,0.0,0.0,0.0
1004356,1001448,0.0,0.0,0.0,0.0,0.0,0.0
1004356,1001450,0.0,0.0,0.0,0.0,0.0,0.0
1004356,1001452,0.0,0.0,0.0,0.0,0.0,0.0
1004356,1001454,0.0,0.0,0.0,0.0,0.0,0.0
1004356,1001456,0.0,0.0,0.0,0.0,0.0,0.0
1004356,1001458,0.0,0.0,0.0,0.0,0.0,0.0
1004356,1001460,0.0,0.0,0.0,0.0,0.0,0.0
1004356,1001461,0.0,0.0,0.0,0.0,0.0,0.0
1004356,1001462,0.0,0.0,0.0,0.0,0.0,0.0
1004356,1001464,0.0,0.0,0.0,0.0,0.0,0.0
1004356,1001466,0.0,0.0,0.0,0.0,0.0,0.0
1004356,1001468,0.0,0.0,0.0,0.0,0.0,0.0
1004356,1001470,0.0,0.0,0.0,0.0,0.0,0.0
1004356,1001472,0.0,0.0,0.0,0.0,0.0,0.0
1004356,1001488,4.0,3.2,4.8,6.0,8.8,14.4
1004356,1004354,2.0,1.6,2.4,3.0,4.4,7.2
1004356,1004355,0.0,0.0,0.0,0.0,0.0,0.0
